9999001,打刻漏れ花子,13D99999,一般,2026-01-01,木,法定外,,,,,,,,,,,,,,,,,,,,,,,,,,,,,,,,,,,,,,,,,,,,,,,,,,,,,,
9999001,打刻漏れ花子,13D99999,一般,2026-01-02,金,法定外,,,,,,,,,,,,,,,,,,,,,,,,,,,,,,,,,,,,,,,,,,,,,,,,,,,,,,
9999001,打刻漏れ花子,13D99999,一般,2026-01-03,土,法定外,,,,,,,,,,,,,,,,,,,,,,,,,,,,,,,,,,,,,,,,,,,,,,,,,,,,,,
9999001,打刻漏れ花子,13D99999,一般,2026-01-04,日,法定外,,,,,,,,,,,,,,,,,,,,,,,,,,,,,,,,,,,,,,,,,,,,,,,,,,,,,,
9999001,打刻漏れ花子,13D99999,一般,2026-01-05,月,平日,"残業終了,900-1730/1200-1300/7.75/5",2026-01-05 09:00,,,2026-01-05 09:00,,,,,,,,,,,,,,,,,,,,,,,,,1:00,,,7:30,7:30,,7:30,,,,,,,,,,,,,,,,,,違反テスト: 退社打刻漏れ
9999001,打刻漏れ花子,13D99999,一般,2026-01-06,火,平日,"残業終了,900-1730/1200-1300/7.75/5",2026-01-06 09:00,,,2026-01-06 09:00,,,,,,,,,,,,,,,,,,,,,,,,,1:00,,,7:30,7:30,,7:30,,,,,,,,,,,,,,,,,,違反テスト: 退社打刻漏れ
9999001,打刻漏れ花子,13D99999,一般,2026-01-07,水,平日,"残業終了,900-1730/1200-1300/7.75/5",2026-01-07 09:00,,,2026-01-07 09:00,,,,,,,,,,,,,,,,,,,,,,,,,1:00,,,7:30,7:30,,7:30,,,,,,,,,,,,,,,,,,違反テスト: 退社打刻漏れ
9999001,打刻漏れ花子,13D99999,一般,2026-01-08,木,平日,"残業終了,900-1730/1200-1300/7.75/5",2026-01-08 09:00,,,2026-01-08 09:00,,,,,,,,,,,,,,,,,,,,,,,,,1:00,,,7:30,7:30,,7:30,,,,,,,,,,,,,,,,,,違反テスト: 退社打刻漏れ
9999001,打刻漏れ花子,13D99999,一般,2026-01-09,金,平日,"残業終了,900-1730/1200-1300/7.75/5",2026-01-09 09:00,,,2026-01-09 09:00,,,,,,,,,,,,,,,,,,,,,,,,,1:00,,,7:30,7:30,,7:30,,,,,,,,,,,,,,,,,,違反テスト: 退社打刻漏れ
9999001,打刻漏れ花子,13D99999,一般,2026-01-10,土,法定外,,,,,,,,,,,,,,,,,,,,,,,,,,,,,,,,,,,,,,,,,,,,,,,,,,,,,,
9999001,打刻漏れ花子,13D99999,一般,2026-01-11,日,法定外,,,,,,,,,,,,,,,,,,,,,,,,,,,,,,,,,,,,,,,,,,,,,,,,,,,,,,
9999001,打刻漏れ花子,13D99999,一般,2026-01-12,月,法定外,,,,,,,,,,,,,,,,,,,,,,,,,,,,,,,,,,,,,,,,,,,,,,,,,,,,,,
9999001,打刻漏れ花子,13D99999,一般,2026-01-13,火,平日,,,,,,,,,,,,,,,,,,,,,,,,,,,,,,,,,,,,,,,,,,,,,,,,,,,,,,
9999001,打刻漏れ花子,13D99999,一般,2026-01-14,水,平日,,,,,,,,,,,,,,,,,,,,,,,,,,,,,,,,,,,,,,,,,,,,,,,,,,,,,,
9999001,打刻漏れ花子,13D99999,一般,2026-01-15,木,平日,,,,,,,,,,,,,,,,,,,,,,,,,,,,,,,,,,,,,,,,,,,,,,,,,,,,,,
9999001,打刻漏れ花子,13D99999,一般,2026-01-16,金,平日,,,,,,,,,,,,,,,,,,,,,,,,,,,,,,,,,,,,,,,,,,,,,,,,,,,,,,
9999001,打刻漏れ花子,13D99999,一般,2026-01-17,土,法定外,,,,,,,,,,,,,,,,,,,,,,,,,,,,,,,,,,,,,,,,,,,,,,,,,,,,,,
9999001,打刻漏れ花子,13D99999,一般,2026-01-18,日,法定外,,,,,,,,,,,,,,,,,,,,,,,,,,,,,,,,,,,,,,,,,,,,,,,,,,,,,,
9999001,打刻漏れ花子,13D99999,一般,2026-01-19,月,平日,,,,,,,,,,,,,,,,,,,,,,,,,,,,,,,,,,,,,,,,,,,,,,,,,,,,,,
9999001,打刻漏れ花子,13D99999,一般,2026-01-20,火,平日,,,,,,,,,,,,,,,,,,,,,,,,,,,,,,,,,,,,,,,,,,,,,,,,,,,,,,
9999001,打刻漏れ花子,13D99999,一般,2026-01-21,水,平日,,,,,,,,,,,,,,,,,,,,,,,,,,,,,,,,,,,,,,,,,,,,,,,,,,,,,,
9999001,打刻漏れ花子,13D99999,一般,2026-01-22,木,平日,,,,,,,,,,,,,,,,,,,,,,,,,,,,,,,,,,,,,,,,,,,,,,,,,,,,,,
9999001,打刻漏れ花子,13D99999,一般,2026-01-23,金,平日,,,,,,,,,,,,,,,,,,,,,,,,,,,,,,,,,,,,,,,,,,,,,,,,,,,,,,
9999001,打刻漏れ花子,13D99999,一般,2026-01-24,土,法定外,,,,,,,,,,,,,,,,,,,,,,,,,,,,,,,,,,,,,,,,,,,,,,,,,,,,,,
9999001,打刻漏れ花子,13D99999,一般,2026-01-25,日,法定外,,,,,,,,,,,,,,,,,,,,,,,,,,,,,,,,,,,,,,,,,,,,,,,,,,,,,,
9999001,打刻漏れ花子,13D99999,一般,2026-01-26,月,平日,,,,,,,,,,,,,,,,,,,,,,,,,,,,,,,,,,,,,,,,,,,,,,,,,,,,,,
9999001,打刻漏れ花子,13D99999,一般,2026-01-27,火,平日,,,,,,,,,,,,,,,,,,,,,,,,,,,,,,,,,,,,,,,,,,,,,,,,,,,,,,
9999001,打刻漏れ花子,13D99999,一般,2026-01-28,水,平日,,,,,,,,,,,,,,,,,,,,,,,,,,,,,,,,,,,,,,,,,,,,,,,,,,,,,,
9999001,打刻漏れ花子,13D99999,一般,2026-01-29,木,平日,,,,,,,,,,,,,,,,,,,,,,,,,,,,,,,,,,,,,,,,,,,,,,,,,,,,,,
9999001,打刻漏れ花子,13D99999,一般,2026-01-30,金,平日,,,,,,,,,,,,,,,,,,,,,,,,,,,,,,,,,,,,,,,,,,,,,,,,,,,,,,
9999001,打刻漏れ花子,13D99999,一般,2026-01-31,土,法定外,,,,,,,,,,,,,,,,,,,,,,,,,,,,,,,,,,,,,,,,,,,,,,,,,,,,,,
9999002,打刻漏れ次郎,13D99999,一般,2026-01-01,木,法定外,,,,,,,,,,,,,,,,,,,,,,,,,,,,,,,,,,,,,,,,,,,,,,,,,,,,,,
9999002,打刻漏れ次郎,13D99999,一般,2026-01-02,金,法定外,,,,,,,,,,,,,,,,,,,,,,,,,,,,,,,,,,,,,,,,,,,,,,,,,,,,,,
9999002,打刻漏れ次郎,13D99999,一般,2026-01-03,土,法定外,,,,,,,,,,,,,,,,,,,,,,,,,,,,,,,,,,,,,,,,,,,,,,,,,,,,,,
9999002,打刻漏れ次郎,13D99999,一般,2026-01-04,日,法定外,,,,,,,,,,,,,,,,,,,,,,,,,,,,,,,,,,,,,,,,,,,,,,,,,,,,,,
9999002,打刻漏れ次郎,13D99999,一般,2026-01-05,月,平日,"残業終了,900-1730/1200-1300/7.75/5",,,2026-01-05 17:30,,2026-01-05 17:30,,,,,,,,,,,,,,,,,,,,,,,,1:00,,,7:30,7:30,,7:30,,,,,,,,,,,,,,,,,,違反テスト: 出社打刻漏れ
9999002,打刻漏れ次郎,13D99999,一般,2026-01-06,火,平日,"残業終了,900-1730/1200-1300/7.75/5",,,2026-01-06 17:30,,2026-01-06 17:30,,,,,,,,,,,,,,,,,,,,,,,,1:00,,,7:30,7:30,,7:30,,,,,,,,,,,,,,,,,,違反テスト: 出社打刻漏れ
9999002,打刻漏れ次郎,13D99999,一般,2026-01-07,水,平日,"残業終了,900-1730/1200-1300/7.75/5",,,2026-01-07 17:30,,2026-01-07 17:30,,,,,,,,,,,,,,,,,,,,,,,,1:00,,,7:30,7:30,,7:30,,,,,,,,,,,,,,,,,,違反テスト: 出社打刻漏れ
9999002,打刻漏れ次郎,13D99999,一般,2026-01-08,木,平日,"残業終了,900-1730/1200-1300/7.75/5",,,2026-01-08 17:30,,2026-01-08 17:30,,,,,,,,,,,,,,,,,,,,,,,,1:00,,,7:30,7:30,,7:30,,,,,,,,,,,,,,,,,,違反テスト: 出社打刻漏れ
9999002,打刻漏れ次郎,13D99999,一般,2026-01-09,金,平日,"残業終了,900-1730/1200-1300/7.75/5",,,2026-01-09 17:30,,2026-01-09 17:30,,,,,,,,,,,,,,,,,,,,,,,,1:00,,,7:30,7:30,,7:30,,,,,,,,,,,,,,,,,,違反テスト: 出社打刻漏れ
9999002,打刻漏れ次郎,13D99999,一般,2026-01-10,土,法定外,,,,,,,,,,,,,,,,,,,,,,,,,,,,,,,,,,,,,,,,,,,,,,,,,,,,,,
9999002,打刻漏れ次郎,13D99999,一般,2026-01-11,日,法定外,,,,,,,,,,,,,,,,,,,,,,,,,,,,,,,,,,,,,,,,,,,,,,,,,,,,,,
9999002,打刻漏れ次郎,13D99999,一般,2026-01-12,月,法定外,,,,,,,,,,,,,,,,,,,,,,,,,,,,,,,,,,,,,,,,,,,,,,,,,,,,,,
9999002,打刻漏れ次郎,13D99999,一般,2026-01-13,火,平日,,,,,,,,,,,,,,,,,,,,,,,,,,,,,,,,,,,,,,,,,,,,,,,,,,,,,,
9999002,打刻漏れ次郎,13D99999,一般,2026-01-14,水,平日,,,,,,,,,,,,,,,,,,,,,,,,,,,,,,,,,,,,,,,,,,,,,,,,,,,,,,
9999002,打刻漏れ次郎,13D99999,一般,2026-01-15,木,平日,,,,,,,,,,,,,,,,,,,,,,,,,,,,,,,,,,,,,,,,,,,,,,,,,,,,,,
9999002,打刻漏れ次郎,13D99999,一般,2026-01-16,金,平日,,,,,,,,,,,,,,,,,,,,,,,,,,,,,,,,,,,,,,,,,,,,,,,,,,,,,,
9999002,打刻漏れ次郎,13D99999,一般,2026-01-17,土,法定外,,,,,,,,,,,,,,,,,,,,,,,,,,,,,,,,,,,,,,,,,,,,,,,,,,,,,,
9999002,打刻漏れ次郎,13D99999,一般,2026-01-18,日,法定外,,,,,,,,,,,,,,,,,,,,,,,,,,,,,,,,,,,,,,,,,,,,,,,,,,,,,,
9999002,打刻漏れ次郎,13D99999,一般,2026-01-19,月,平日,,,,,,,,,,,,,,,,,,,,,,,,,,,,,,,,,,,,,,,,,,,,,,,,,,,,,,
9999002,打刻漏れ次郎,13D99999,一般,2026-01-20,火,平日,,,,,,,,,,,,,,,,,,,,,,,,,,,,,,,,,,,,,,,,,,,,,,,,,,,,,,
9999002,打刻漏れ次郎,13D99999,一般,2026-01-21,水,平日,,,,,,,,,,,,,,,,,,,,,,,,,,,,,,,,,,,,,,,,,,,,,,,,,,,,,,
9999002,打刻漏れ次郎,13D99999,一般,2026-01-22,木,平日,,,,,,,,,,,,,,,,,,,,,,,,,,,,,,,,,,,,,,,,,,,,,,,,,,,,,,
9999002,打刻漏れ次郎,13D99999,一般,2026-01-23,金,平日,,,,,,,,,,,,,,,,,,,,,,,,,,,,,,,,,,,,,,,,,,,,,,,,,,,,,,
9999002,打刻漏れ次郎,13D99999,一般,2026-01-24,土,法定外,,,,,,,,,,,,,,,,,,,,,,,,,,,,,,,,,,,,,,,,,,,,,,,,,,,,,,
9999002,打刻漏れ次郎,13D99999,一般,2026-01-25,日,法定外,,,,,,,,,,,,,,,,,,,,,,,,,,,,,,,,,,,,,,,,,,,,,,,,,,,,,,
9999002,打刻漏れ次郎,13D99999,一般,2026-01-26,月,平日,,,,,,,,,,,,,,,,,,,,,,,,,,,,,,,,,,,,,,,,,,,,,,,,,,,,,,
9999002,打刻漏れ次郎,13D99999,一般,2026-01-27,火,平日,,,,,,,,,,,,,,,,,,,,,,,,,,,,,,,,,,,,,,,,,,,,,,,,,,,,,,
9999002,打刻漏れ次郎,13D99999,一般,2026-01-28,水,平日,,,,,,,,,,,,,,,,,,,,,,,,,,,,,,,,,,,,,,,,,,,,,,,,,,,,,,
9999002,打刻漏れ次郎,13D99999,一般,2026-01-29,木,平日,,,,,,,,,,,,,,,,,,,,,,,,,,,,,,,,,,,,,,,,,,,,,,,,,,,,,,
9999002,打刻漏れ次郎,13D99999,一般,2026-01-30,金,平日,,,,,,,,,,,,,,,,,,,,,,,,,,,,,,,,,,,,,,,,,,,,,,,,,,,,,,
9999002,打刻漏れ次郎,13D99999,一般,2026-01-31,土,法定外,,,,,,,,,,,,,,,,,,,,,,,,,,,,,,,,,,,,,,,,,,,,,,,,,,,,,,
9999003,休憩不足太郎,13D99999,一般,2026-01-01,木,法定外,,,,,,,,,,,,,,,,,,,,,,,,,,,,,,,,,,,,,,,,,,,,,,,,,,,,,,
9999003,休憩不足太郎,13D99999,一般,2026-01-02,金,法定外,,,,,,,,,,,,,,,,,,,,,,,,,,,,,,,,,,,,,,,,,,,,,,,,,,,,,,
9999003,休憩不足太郎,13D99999,一般,2026-01-03,土,法定外,,,,,,,,,,,,,,,,,,,,,,,,,,,,,,,,,,,,,,,,,,,,,,,,,,,,,,
9999003,休憩不足太郎,13D99999,一般,2026-01-04,日,法定外,,,,,,,,,,,,,,,,,,,,,,,,,,,,,,,,,,,,,,,,,,,,,,,,,,,,,,
9999003,休憩不足太郎,13D99999,一般,2026-01-05,月,平日,"残業終了,900-1730/1200-1300/7.75/5",2026-01-05 09:00,,2026-01-05 17:30,2026-01-05 09:00,2026-01-05 17:30,,,,,,,,,,,,,,,,,,,,,,,,0:30,,,8:00,8:00,,7:30,,,,,,,,,,,,,,,,,,違反テスト: 休憩不足
9999003,休憩不足太郎,13D99999,一般,2026-01-06,火,平日,"残業終了,900-1730/1200-1300/7.75/5",2026-01-06 09:00,,2026-01-06 17:30,2026-01-06 09:00,2026-01-06 17:30,,,,,,,,,,,,,,,,,,,,,,,,0:30,,,8:00,8:00,,7:30,,,,,,,,,,,,,,,,,,違反テスト: 休憩不足
9999003,休憩不足太郎,13D99999,一般,2026-01-07,水,平日,"残業終了,900-1730/1200-1300/7.75/5",2026-01-07 09:00,,2026-01-07 17:30,2026-01-07 09:00,2026-01-07 17:30,,,,,,,,,,,,,,,,,,,,,,,,0:30,,,8:00,8:00,,7:30,,,,,,,,,,,,,,,,,,違反テスト: 休憩不足
9999003,休憩不足太郎,13D99999,一般,2026-01-08,木,平日,"残業終了,900-1730/1200-1300/7.75/5",2026-01-08 09:00,,2026-01-08 17:30,2026-01-08 09:00,2026-01-08 17:30,,,,,,,,,,,,,,,,,,,,,,,,0:30,,,8:00,8:00,,7:30,,,,,,,,,,,,,,,,,,違反テスト: 休憩不足
9999003,休憩不足太郎,13D99999,一般,2026-01-09,金,平日,"残業終了,900-1730/1200-1300/7.75/5",2026-01-09 09:00,,2026-01-09 17:30,2026-01-09 09:00,2026-01-09 17:30,,,,,,,,,,,,,,,,,,,,,,,,0:30,,,8:00,8:00,,7:30,,,,,,,,,,,,,,,,,,違反テスト: 休憩不足
9999003,休憩不足太郎,13D99999,一般,2026-01-10,土,法定外,,,,,,,,,,,,,,,,,,,,,,,,,,,,,,,,,,,,,,,,,,,,,,,,,,,,,,
9999003,休憩不足太郎,13D99999,一般,2026-01-11,日,法定外,,,,,,,,,,,,,,,,,,,,,,,,,,,,,,,,,,,,,,,,,,,,,,,,,,,,,,
9999003,休憩不足太郎,13D99999,一般,2026-01-12,月,法定外,,,,,,,,,,,,,,,,,,,,,,,,,,,,,,,,,,,,,,,,,,,,,,,,,,,,,,
9999003,休憩不足太郎,13D99999,一般,2026-01-13,火,平日,,,,,,,,,,,,,,,,,,,,,,,,,,,,,,,,,,,,,,,,,,,,,,,,,,,,,,
9999003,休憩不足太郎,13D99999,一般,2026-01-14,水,平日,,,,,,,,,,,,,,,,,,,,,,,,,,,,,,,,,,,,,,,,,,,,,,,,,,,,,,
9999003,休憩不足太郎,13D99999,一般,2026-01-15,木,平日,,,,,,,,,,,,,,,,,,,,,,,,,,,,,,,,,,,,,,,,,,,,,,,,,,,,,,
9999003,休憩不足太郎,13D99999,一般,2026-01-16,金,平日,,,,,,,,,,,,,,,,,,,,,,,,,,,,,,,,,,,,,,,,,,,,,,,,,,,,,,
9999003,休憩不足太郎,13D99999,一般,2026-01-17,土,法定外,,,,,,,,,,,,,,,,,,,,,,,,,,,,,,,,,,,,,,,,,,,,,,,,,,,,,,
9999003,休憩不足太郎,13D99999,一般,2026-01-18,日,法定外,,,,,,,,,,,,,,,,,,,,,,,,,,,,,,,,,,,,,,,,,,,,,,,,,,,,,,
9999003,休憩不足太郎,13D99999,一般,2026-01-19,月,平日,,,,,,,,,,,,,,,,,,,,,,,,,,,,,,,,,,,,,,,,,,,,,,,,,,,,,,
9999003,休憩不足太郎,13D99999,一般,2026-01-20,火,平日,,,,,,,,,,,,,,,,,,,,,,,,,,,,,,,,,,,,,,,,,,,,,,,,,,,,,,
9999003,休憩不足太郎,13D99999,一般,2026-01-21,水,平日,,,,,,,,,,,,,,,,,,,,,,,,,,,,,,,,,,,,,,,,,,,,,,,,,,,,,,
9999003,休憩不足太郎,13D99999,一般,2026-01-22,木,平日,,,,,,,,,,,,,,,,,,,,,,,,,,,,,,,,,,,,,,,,,,,,,,,,,,,,,,
9999003,休憩不足太郎,13D99999,一般,2026-01-23,金,平日,,,,,,,,,,,,,,,,,,,,,,,,,,,,,,,,,,,,,,,,,,,,,,,,,,,,,,
9999003,休憩不足太郎,13D99999,一般,2026-01-24,土,法定外,,,,,,,,,,,,,,,,,,,,,,,,,,,,,,,,,,,,,,,,,,,,,,,,,,,,,,
9999003,休憩不足太郎,13D99999,一般,2026-01-25,日,法定外,,,,,,,,,,,,,,,,,,,,,,,,,,,,,,,,,,,,,,,,,,,,,,,,,,,,,,
9999003,休憩不足太郎,13D99999,一般,2026-01-26,月,平日,,,,,,,,,,,,,,,,,,,,,,,,,,,,,,,,,,,,,,,,,,,,,,,,,,,,,,
9999003,休憩不足太郎,13D99999,一般,2026-01-27,火,平日,,,,,,,,,,,,,,,,,,,,,,,,,,,,,,,,,,,,,,,,,,,,,,,,,,,,,,
9999003,休憩不足太郎,13D99999,一般,2026-01-28,水,平日,,,,,,,,,,,,,,,,,,,,,,,,,,,,,,,,,,,,,,,,,,,,,,,,,,,,,,
9999003,休憩不足太郎,13D99999,一般,2026-01-29,木,平日,,,,,,,,,,,,,,,,,,,,,,,,,,,,,,,,,,,,,,,,,,,,,,,,,,,,,,
9999003,休憩不足太郎,13D99999,一般,2026-01-30,金,平日,,,,,,,,,,,,,,,,,,,,,,,,,,,,,,,,,,,,,,,,,,,,,,,,,,,,,,
9999003,休憩不足太郎,13D99999,一般,2026-01-31,土,法定外,,,,,,,,,,,,,,,,,,,,,,,,,,,,,,,,,,,,,,,,,,,,,,,,,,,,,,
9999004,遅刻申請漏れ一郎,13D99999,一般,2026-01-01,木,法定外,,,,,,,,,,,,,,,,,,,,,,,,,,,,,,,,,,,,,,,,,,,,,,,,,,,,,,
9999004,遅刻申請漏れ一郎,13D99999,一般,2026-01-02,金,法定外,,,,,,,,,,,,,,,,,,,,,,,,,,,,,,,,,,,,,,,,,,,,,,,,,,,,,,
9999004,遅刻申請漏れ一郎,13D99999,一般,2026-01-03,土,法定外,,,,,,,,,,,,,,,,,,,,,,,,,,,,,,,,,,,,,,,,,,,,,,,,,,,,,,
9999004,遅刻申請漏れ一郎,13D99999,一般,2026-01-04,日,法定外,,,,,,,,,,,,,,,,,,,,,,,,,,,,,,,,,,,,,,,,,,,,,,,,,,,,,,
9999004,遅刻申請漏れ一郎,13D99999,一般,2026-01-05,月,平日,"残業終了,900-1730/1200-1300/7.75/5",2026-01-05 09:30,,2026-01-05 17:30,2026-01-05 09:30,2026-01-05 17:30,,,,,,,,,,,,,,,,,,,,,,,,1:00,,,7:00,7:00,,7:00,,,,,,,0:30,,,,,,,,,,,違反テスト: 遅刻申請漏れ
9999004,遅刻申請漏れ一郎,13D99999,一般,2026-01-06,火,平日,"残業終了,900-1730/1200-1300/7.75/5",2026-01-06 09:30,,2026-01-06 17:30,2026-01-06 09:30,2026-01-06 17:30,,,,,,,,,,,,,,,,,,,,,,,,1:00,,,7:00,7:00,,7:00,,,,,,,0:30,,,,,,,,,,,違反テスト: 遅刻申請漏れ
9999004,遅刻申請漏れ一郎,13D99999,一般,2026-01-07,水,平日,"残業終了,900-1730/1200-1300/7.75/5",2026-01-07 09:30,,2026-01-07 17:30,2026-01-07 09:30,2026-01-07 17:30,,,,,,,,,,,,,,,,,,,,,,,,1:00,,,7:00,7:00,,7:00,,,,,,,0:30,,,,,,,,,,,違反テスト: 遅刻申請漏れ
9999004,遅刻申請漏れ一郎,13D99999,一般,2026-01-08,木,平日,"残業終了,900-1730/1200-1300/7.75/5",2026-01-08 09:30,,2026-01-08 17:30,2026-01-08 09:30,2026-01-08 17:30,,,,,,,,,,,,,,,,,,,,,,,,1:00,,,7:00,7:00,,7:00,,,,,,,0:30,,,,,,,,,,,違反テスト: 遅刻申請漏れ
9999004,遅刻申請漏れ一郎,13D99999,一般,2026-01-09,金,平日,"残業終了,900-1730/1200-1300/7.75/5",2026-01-09 09:30,,2026-01-09 17:30,2026-01-09 09:30,2026-01-09 17:30,,,,,,,,,,,,,,,,,,,,,,,,1:00,,,7:00,7:00,,7:00,,,,,,,0:30,,,,,,,,,,,違反テスト: 遅刻申請漏れ
9999004,遅刻申請漏れ一郎,13D99999,一般,2026-01-10,土,法定外,,,,,,,,,,,,,,,,,,,,,,,,,,,,,,,,,,,,,,,,,,,,,,,,,,,,,,
9999004,遅刻申請漏れ一郎,13D99999,一般,2026-01-11,日,法定外,,,,,,,,,,,,,,,,,,,,,,,,,,,,,,,,,,,,,,,,,,,,,,,,,,,,,,
9999004,遅刻申請漏れ一郎,13D99999,一般,2026-01-12,月,法定外,,,,,,,,,,,,,,,,,,,,,,,,,,,,,,,,,,,,,,,,,,,,,,,,,,,,,,
9999004,遅刻申請漏れ一郎,13D99999,一般,2026-01-13,火,平日,,,,,,,,,,,,,,,,,,,,,,,,,,,,,,,,,,,,,,,,,,,,,,,,,,,,,,
9999004,遅刻申請漏れ一郎,13D99999,一般,2026-01-14,水,平日,,,,,,,,,,,,,,,,,,,,,,,,,,,,,,,,,,,,,,,,,,,,,,,,,,,,,,
9999004,遅刻申請漏れ一郎,13D99999,一般,2026-01-15,木,平日,,,,,,,,,,,,,,,,,,,,,,,,,,,,,,,,,,,,,,,,,,,,,,,,,,,,,,
9999004,遅刻申請漏れ一郎,13D99999,一般,2026-01-16,金,平日,,,,,,,,,,,,,,,,,,,,,,,,,,,,,,,,,,,,,,,,,,,,,,,,,,,,,,
9999004,遅刻申請漏れ一郎,13D99999,一般,2026-01-17,土,法定外,,,,,,,,,,,,,,,,,,,,,,,,,,,,,,,,,,,,,,,,,,,,,,,,,,,,,,
9999004,遅刻申請漏れ一郎,13D99999,一般,2026-01-18,日,法定外,,,,,,,,,,,,,,,,,,,,,,,,,,,,,,,,,,,,,,,,,,,,,,,,,,,,,,
9999004,遅刻申請漏れ一郎,13D99999,一般,2026-01-19,月,平日,,,,,,,,,,,,,,,,,,,,,,,,,,,,,,,,,,,,,,,,,,,,,,,,,,,,,,
9999004,遅刻申請漏れ一郎,13D99999,一般,2026-01-20,火,平日,,,,,,,,,,,,,,,,,,,,,,,,,,,,,,,,,,,,,,,,,,,,,,,,,,,,,,
9999004,遅刻申請漏れ一郎,13D99999,一般,2026-01-21,水,平日,,,,,,,,,,,,,,,,,,,,,,,,,,,,,,,,,,,,,,,,,,,,,,,,,,,,,,
9999004,遅刻申請漏れ一郎,13D99999,一般,2026-01-22,木,平日,,,,,,,,,,,,,,,,,,,,,,,,,,,,,,,,,,,,,,,,,,,,,,,,,,,,,,
9999004,遅刻申請漏れ一郎,13D99999,一般,2026-01-23,金,平日,,,,,,,,,,,,,,,,,,,,,,,,,,,,,,,,,,,,,,,,,,,,,,,,,,,,,,
9999004,遅刻申請漏れ一郎,13D99999,一般,2026-01-24,土,法定外,,,,,,,,,,,,,,,,,,,,,,,,,,,,,,,,,,,,,,,,,,,,,,,,,,,,,,
9999004,遅刻申請漏れ一郎,13D99999,一般,2026-01-25,日,法定外,,,,,,,,,,,,,,,,,,,,,,,,,,,,,,,,,,,,,,,,,,,,,,,,,,,,,,
9999004,遅刻申請漏れ一郎,13D99999,一般,2026-01-26,月,平日,,,,,,,,,,,,,,,,,,,,,,,,,,,,,,,,,,,,,,,,,,,,,,,,,,,,,,
9999004,遅刻申請漏れ一郎,13D99999,一般,2026-01-27,火,平日,,,,,,,,,,,,,,,,,,,,,,,,,,,,,,,,,,,,,,,,,,,,,,,,,,,,,,
9999004,遅刻申請漏れ一郎,13D99999,一般,2026-01-28,水,平日,,,,,,,,,,,,,,,,,,,,,,,,,,,,,,,,,,,,,,,,,,,,,,,,,,,,,,
9999004,遅刻申請漏れ一郎,13D99999,一般,2026-01-29,木,平日,,,,,,,,,,,,,,,,,,,,,,,,,,,,,,,,,,,,,,,,,,,,,,,,,,,,,,
9999004,遅刻申請漏れ一郎,13D99999,一般,2026-01-30,金,平日,,,,,,,,,,,,,,,,,,,,,,,,,,,,,,,,,,,,,,,,,,,,,,,,,,,,,,
9999004,遅刻申請漏れ一郎,13D99999,一般,2026-01-31,土,法定外,,,,,,,,,,,,,,,,,,,,,,,,,,,,,,,,,,,,,,,,,,,,,,,,,,,,,,
9999005,早退申請漏れ二郎,13D99999,一般,2026-01-01,木,法定外,,,,,,,,,,,,,,,,,,,,,,,,,,,,,,,,,,,,,,,,,,,,,,,,,,,,,,
9999005,早退申請漏れ二郎,13D99999,一般,2026-01-02,金,法定外,,,,,,,,,,,,,,,,,,,,,,,,,,,,,,,,,,,,,,,,,,,,,,,,,,,,,,
9999005,早退申請漏れ二郎,13D99999,一般,2026-01-03,土,法定外,,,,,,,,,,,,,,,,,,,,,,,,,,,,,,,,,,,,,,,,,,,,,,,,,,,,,,
9999005,早退申請漏れ二郎,13D99999,一般,2026-01-04,日,法定外,,,,,,,,,,,,,,,,,,,,,,,,,,,,,,,,,,,,,,,,,,,,,,,,,,,,,,
9999005,早退申請漏れ二郎,13D99999,一般,2026-01-05,月,平日,"残業終了,900-1730/1200-1300/7.75/5",2026-01-05 09:00,,2026-01-05 17:00,2026-01-05 09:00,2026-01-05 17:00,,,,,,,,,,,,,,,,,,,,,,,,1:00,,,7:00,7:00,,7:00,,,,,,,,0:30,,,,,,,,,,違反テスト: 早退申請漏れ
9999005,早退申請漏れ二郎,13D99999,一般,2026-01-06,火,平日,"残業終了,900-1730/1200-1300/7.75/5",2026-01-06 09:00,,2026-01-06 17:00,2026-01-06 09:00,2026-01-06 17:00,,,,,,,,,,,,,,,,,,,,,,,,1:00,,,7:00,7:00,,7:00,,,,,,,,0:30,,,,,,,,,,違反テスト: 早退申請漏れ
9999005,早退申請漏れ二郎,13D99999,一般,2026-01-07,水,平日,"残業終了,900-1730/1200-1300/7.75/5",2026-01-07 09:00,,2026-01-07 17:00,2026-01-07 09:00,2026-01-07 17:00,,,,,,,,,,,,,,,,,,,,,,,,1:00,,,7:00,7:00,,7:00,,,,,,,,0:30,,,,,,,,,,違反テスト: 早退申請漏れ
9999005,早退申請漏れ二郎,13D99999,一般,2026-01-08,木,平日,"残業終了,900-1730/1200-1300/7.75/5",2026-01-08 09:00,,2026-01-08 17:00,2026-01-08 09:00,2026-01-08 17:00,,,,,,,,,,,,,,,,,,,,,,,,1:00,,,7:00,7:00,,7:00,,,,,,,,0:30,,,,,,,,,,違反テスト: 早退申請漏れ
9999005,早退申請漏れ二郎,13D99999,一般,2026-01-09,金,平日,"残業終了,900-1730/1200-1300/7.75/5",2026-01-09 09:00,,2026-01-09 17:00,2026-01-09 09:00,2026-01-09 17:00,,,,,,,,,,,,,,,,,,,,,,,,1:00,,,7:00,7:00,,7:00,,,,,,,,0:30,,,,,,,,,,違反テスト: 早退申請漏れ
9999005,早退申請漏れ二郎,13D99999,一般,2026-01-10,土,法定外,,,,,,,,,,,,,,,,,,,,,,,,,,,,,,,,,,,,,,,,,,,,,,,,,,,,,,
9999005,早退申請漏れ二郎,13D99999,一般,2026-01-11,日,法定外,,,,,,,,,,,,,,,,,,,,,,,,,,,,,,,,,,,,,,,,,,,,,,,,,,,,,,
9999005,早退申請漏れ二郎,13D99999,一般,2026-01-12,月,法定外,,,,,,,,,,,,,,,,,,,,,,,,,,,,,,,,,,,,,,,,,,,,,,,,,,,,,,
9999005,早退申請漏れ二郎,13D99999,一般,2026-01-13,火,平日,,,,,,,,,,,,,,,,,,,,,,,,,,,,,,,,,,,,,,,,,,,,,,,,,,,,,,
9999005,早退申請漏れ二郎,13D99999,一般,2026-01-14,水,平日,,,,,,,,,,,,,,,,,,,,,,,,,,,,,,,,,,,,,,,,,,,,,,,,,,,,,,
9999005,早退申請漏れ二郎,13D99999,一般,2026-01-15,木,平日,,,,,,,,,,,,,,,,,,,,,,,,,,,,,,,,,,,,,,,,,,,,,,,,,,,,,,
9999005,早退申請漏れ二郎,13D99999,一般,2026-01-16,金,平日,,,,,,,,,,,,,,,,,,,,,,,,,,,,,,,,,,,,,,,,,,,,,,,,,,,,,,
9999005,早退申請漏れ二郎,13D99999,一般,2026-01-17,土,法定外,,,,,,,,,,,,,,,,,,,,,,,,,,,,,,,,,,,,,,,,,,,,,,,,,,,,,,
9999005,早退申請漏れ二郎,13D99999,一般,2026-01-18,日,法定外,,,,,,,,,,,,,,,,,,,,,,,,,,,,,,,,,,,,,,,,,,,,,,,,,,,,,,
9999005,早退申請漏れ二郎,13D99999,一般,2026-01-19,月,平日,,,,,,,,,,,,,,,,,,,,,,,,,,,,,,,,,,,,,,,,,,,,,,,,,,,,,,
9999005,早退申請漏れ二郎,13D99999,一般,2026-01-20,火,平日,,,,,,,,,,,,,,,,,,,,,,,,,,,,,,,,,,,,,,,,,,,,,,,,,,,,,,
9999005,早退申請漏れ二郎,13D99999,一般,2026-01-21,水,平日,,,,,,,,,,,,,,,,,,,,,,,,,,,,,,,,,,,,,,,,,,,,,,,,,,,,,,
9999005,早退申請漏れ二郎,13D99999,一般,2026-01-22,木,平日,,,,,,,,,,,,,,,,,,,,,,,,,,,,,,,,,,,,,,,,,,,,,,,,,,,,,,
9999005,早退申請漏れ二郎,13D99999,一般,2026-01-23,金,平日,,,,,,,,,,,,,,,,,,,,,,,,,,,,,,,,,,,,,,,,,,,,,,,,,,,,,,
9999005,早退申請漏れ二郎,13D99999,一般,2026-01-24,土,法定外,,,,,,,,,,,,,,,,,,,,,,,,,,,,,,,,,,,,,,,,,,,,,,,,,,,,,,
9999005,早退申請漏れ二郎,13D99999,一般,2026-01-25,日,法定外,,,,,,,,,,,,,,,,,,,,,,,,,,,,,,,,,,,,,,,,,,,,,,,,,,,,,,
9999005,早退申請漏れ二郎,13D99999,一般,2026-01-26,月,平日,,,,,,,,,,,,,,,,,,,,,,,,,,,,,,,,,,,,,,,,,,,,,,,,,,,,,,
9999005,早退申請漏れ二郎,13D99999,一般,2026-01-27,火,平日,,,,,,,,,,,,,,,,,,,,,,,,,,,,,,,,,,,,,,,,,,,,,,,,,,,,,,
9999005,早退申請漏れ二郎,13D99999,一般,2026-01-28,水,平日,,,,,,,,,,,,,,,,,,,,,,,,,,,,,,,,,,,,,,,,,,,,,,,,,,,,,,
9999005,早退申請漏れ二郎,13D99999,一般,2026-01-29,木,平日,,,,,,,,,,,,,,,,,,,,,,,,,,,,,,,,,,,,,,,,,,,,,,,,,,,,,,
9999005,早退申請漏れ二郎,13D99999,一般,2026-01-30,金,平日,,,,,,,,,,,,,,,,,,,,,,,,,,,,,,,,,,,,,,,,,,,,,,,,,,,,,,
9999005,早退申請漏れ二郎,13D99999,一般,2026-01-31,土,法定外,,,,,,,,,,,,,,,,,,,,,,,,,,,,,,,,,,,,,,,,,,,,,,,,,,,,,,
9999006,早出申請漏れ三郎,13D99999,一般,2026-01-01,木,法定外,,,,,,,,,,,,,,,,,,,,,,,,,,,,,,,,,,,,,,,,,,,,,,,,,,,,,,
9999006,早出申請漏れ三郎,13D99999,一般,2026-01-02,金,法定外,,,,,,,,,,,,,,,,,,,,,,,,,,,,,,,,,,,,,,,,,,,,,,,,,,,,,,
9999006,早出申請漏れ三郎,13D99999,一般,2026-01-03,土,法定外,,,,,,,,,,,,,,,,,,,,,,,,,,,,,,,,,,,,,,,,,,,,,,,,,,,,,,
9999006,早出申請漏れ三郎,13D99999,一般,2026-01-04,日,法定外,,,,,,,,,,,,,,,,,,,,,,,,,,,,,,,,,,,,,,,,,,,,,,,,,,,,,,
9999006,早出申請漏れ三郎,13D99999,一般,2026-01-05,月,平日,"残業終了,900-1730/1200-1300/7.75/5",2026-01-05 08:00,,2026-01-05 17:30,2026-01-05 08:00,2026-01-05 17:30,,,,,,,,,,,,,,,,,,,,,,,,1:00,,,8:30,8:30,,7:30,,1:00,,,,,,,,,,,,,,,,違反テスト: 早出申請漏れ
9999006,早出申請漏れ三郎,13D99999,一般,2026-01-06,火,平日,"残業終了,900-1730/1200-1300/7.75/5",2026-01-06 08:00,,2026-01-06 17:30,2026-01-06 08:00,2026-01-06 17:30,,,,,,,,,,,,,,,,,,,,,,,,1:00,,,8:30,8:30,,7:30,,1:00,,,,,,,,,,,,,,,,違反テスト: 早出申請漏れ
9999006,早出申請漏れ三郎,13D99999,一般,2026-01-07,水,平日,"残業終了,900-1730/1200-1300/7.75/5",2026-01-07 08:00,,2026-01-07 17:30,2026-01-07 08:00,2026-01-07 17:30,,,,,,,,,,,,,,,,,,,,,,,,1:00,,,8:30,8:30,,7:30,,1:00,,,,,,,,,,,,,,,,違反テスト: 早出申請漏れ
9999006,早出申請漏れ三郎,13D99999,一般,2026-01-08,木,平日,"残業終了,900-1730/1200-1300/7.75/5",2026-01-08 08:00,,2026-01-08 17:30,2026-01-08 08:00,2026-01-08 17:30,,,,,,,,,,,,,,,,,,,,,,,,1:00,,,8:30,8:30,,7:30,,1:00,,,,,,,,,,,,,,,,違反テスト: 早出申請漏れ
9999006,早出申請漏れ三郎,13D99999,一般,2026-01-09,金,平日,"残業終了,900-1730/1200-1300/7.75/5",2026-01-09 08:00,,2026-01-09 17:30,2026-01-09 08:00,2026-01-09 17:30,,,,,,,,,,,,,,,,,,,,,,,,1:00,,,8:30,8:30,,7:30,,1:00,,,,,,,,,,,,,,,,違反テスト: 早出申請漏れ
9999006,早出申請漏れ三郎,13D99999,一般,2026-01-10,土,法定外,,,,,,,,,,,,,,,,,,,,,,,,,,,,,,,,,,,,,,,,,,,,,,,,,,,,,,
9999006,早出申請漏れ三郎,13D99999,一般,2026-01-11,日,法定外,,,,,,,,,,,,,,,,,,,,,,,,,,,,,,,,,,,,,,,,,,,,,,,,,,,,,,
9999006,早出申請漏れ三郎,13D99999,一般,2026-01-12,月,法定外,,,,,,,,,,,,,,,,,,,,,,,,,,,,,,,,,,,,,,,,,,,,,,,,,,,,,,
9999006,早出申請漏れ三郎,13D99999,一般,2026-01-13,火,平日,,,,,,,,,,,,,,,,,,,,,,,,,,,,,,,,,,,,,,,,,,,,,,,,,,,,,,
9999006,早出申請漏れ三郎,13D99999,一般,2026-01-14,水,平日,,,,,,,,,,,,,,,,,,,,,,,,,,,,,,,,,,,,,,,,,,,,,,,,,,,,,,
9999006,早出申請漏れ三郎,13D99999,一般,2026-01-15,木,平日,,,,,,,,,,,,,,,,,,,,,,,,,,,,,,,,,,,,,,,,,,,,,,,,,,,,,,
9999006,早出申請漏れ三郎,13D99999,一般,2026-01-16,金,平日,,,,,,,,,,,,,,,,,,,,,,,,,,,,,,,,,,,,,,,,,,,,,,,,,,,,,,
9999006,早出申請漏れ三郎,13D99999,一般,2026-01-17,土,法定外,,,,,,,,,,,,,,,,,,,,,,,,,,,,,,,,,,,,,,,,,,,,,,,,,,,,,,
9999006,早出申請漏れ三郎,13D99999,一般,2026-01-18,日,法定外,,,,,,,,,,,,,,,,,,,,,,,,,,,,,,,,,,,,,,,,,,,,,,,,,,,,,,
9999006,早出申請漏れ三郎,13D99999,一般,2026-01-19,月,平日,,,,,,,,,,,,,,,,,,,,,,,,,,,,,,,,,,,,,,,,,,,,,,,,,,,,,,
9999006,早出申請漏れ三郎,13D99999,一般,2026-01-20,火,平日,,,,,,,,,,,,,,,,,,,,,,,,,,,,,,,,,,,,,,,,,,,,,,,,,,,,,,
9999006,早出申請漏れ三郎,13D99999,一般,2026-01-21,水,平日,,,,,,,,,,,,,,,,,,,,,,,,,,,,,,,,,,,,,,,,,,,,,,,,,,,,,,
9999006,早出申請漏れ三郎,13D99999,一般,2026-01-22,木,平日,,,,,,,,,,,,,,,,,,,,,,,,,,,,,,,,,,,,,,,,,,,,,,,,,,,,,,
9999006,早出申請漏れ三郎,13D99999,一般,2026-01-23,金,平日,,,,,,,,,,,,,,,,,,,,,,,,,,,,,,,,,,,,,,,,,,,,,,,,,,,,,,
9999006,早出申請漏れ三郎,13D99999,一般,2026-01-24,土,法定外,,,,,,,,,,,,,,,,,,,,,,,,,,,,,,,,,,,,,,,,,,,,,,,,,,,,,,
9999006,早出申請漏れ三郎,13D99999,一般,2026-01-25,日,法定外,,,,,,,,,,,,,,,,,,,,,,,,,,,,,,,,,,,,,,,,,,,,,,,,,,,,,,
9999006,早出申請漏れ三郎,13D99999,一般,2026-01-26,月,平日,,,,,,,,,,,,,,,,,,,,,,,,,,,,,,,,,,,,,,,,,,,,,,,,,,,,,,
9999006,早出申請漏れ三郎,13D99999,一般,2026-01-27,火,平日,,,,,,,,,,,,,,,,,,,,,,,,,,,,,,,,,,,,,,,,,,,,,,,,,,,,,,
9999006,早出申請漏れ三郎,13D99999,一般,2026-01-28,水,平日,,,,,,,,,,,,,,,,,,,,,,,,,,,,,,,,,,,,,,,,,,,,,,,,,,,,,,
9999006,早出申請漏れ三郎,13D99999,一般,2026-01-29,木,平日,,,,,,,,,,,,,,,,,,,,,,,,,,,,,,,,,,,,,,,,,,,,,,,,,,,,,,
9999006,早出申請漏れ三郎,13D99999,一般,2026-01-30,金,平日,,,,,,,,,,,,,,,,,,,,,,,,,,,,,,,,,,,,,,,,,,,,,,,,,,,,,,
9999006,早出申請漏れ三郎,13D99999,一般,2026-01-31,土,法定外,,,,,,,,,,,,,,,,,,,,,,,,,,,,,,,,,,,,,,,,,,,,,,,,,,,,,,
9999007,深夜休憩漏れ四郎,13D99999,一般,2026-01-01,木,法定外,,,,,,,,,,,,,,,,,,,,,,,,,,,,,,,,,,,,,,,,,,,,,,,,,,,,,,
9999007,深夜休憩漏れ四郎,13D99999,一般,2026-01-02,金,法定外,,,,,,,,,,,,,,,,,,,,,,,,,,,,,,,,,,,,,,,,,,,,,,,,,,,,,,
9999007,深夜休憩漏れ四郎,13D99999,一般,2026-01-03,土,法定外,,,,,,,,,,,,,,,,,,,,,,,,,,,,,,,,,,,,,,,,,,,,,,,,,,,,,,
9999007,深夜休憩漏れ四郎,13D99999,一般,2026-01-04,日,法定外,,,,,,,,,,,,,,,,,,,,,,,,,,,,,,,,,,,,,,,,,,,,,,,,,,,,,,
9999007,深夜休憩漏れ四郎,13D99999,一般,2026-01-05,月,平日,"残業終了,900-1730/1200-1300/7.75/5",2026-01-05 09:00,,2026-01-05 23:00,2026-01-05 09:00,2026-01-05 23:00,,,,,,,,,,,,,,,,,,,,,,,,1:00,,,13:00,13:00,,7:30,,5:30,1:00,,,,,,,,,,,,,,,違反テスト: 深夜休憩漏れ
9999007,深夜休憩漏れ四郎,13D99999,一般,2026-01-06,火,平日,"残業終了,900-1730/1200-1300/7.75/5",2026-01-06 09:00,,2026-01-06 23:00,2026-01-06 09:00,2026-01-06 23:00,,,,,,,,,,,,,,,,,,,,,,,,1:00,,,13:00,13:00,,7:30,,5:30,1:00,,,,,,,,,,,,,,,違反テスト: 深夜休憩漏れ
9999007,深夜休憩漏れ四郎,13D99999,一般,2026-01-07,水,平日,"残業終了,900-1730/1200-1300/7.75/5",2026-01-07 09:00,,2026-01-07 23:00,2026-01-07 09:00,2026-01-07 23:00,,,,,,,,,,,,,,,,,,,,,,,,1:00,,,13:00,13:00,,7:30,,5:30,1:00,,,,,,,,,,,,,,,違反テスト: 深夜休憩漏れ
9999007,深夜休憩漏れ四郎,13D99999,一般,2026-01-08,木,平日,"残業終了,900-1730/1200-1300/7.75/5",2026-01-08 09:00,,2026-01-08 23:00,2026-01-08 09:00,2026-01-08 23:00,,,,,,,,,,,,,,,,,,,,,,,,1:00,,,13:00,13:00,,7:30,,5:30,1:00,,,,,,,,,,,,,,,違反テスト: 深夜休憩漏れ
9999007,深夜休憩漏れ四郎,13D99999,一般,2026-01-09,金,平日,"残業終了,900-1730/1200-1300/7.75/5",2026-01-09 09:00,,2026-01-09 23:00,2026-01-09 09:00,2026-01-09 23:00,,,,,,,,,,,,,,,,,,,,,,,,1:00,,,13:00,13:00,,7:30,,5:30,1:00,,,,,,,,,,,,,,,違反テスト: 深夜休憩漏れ
9999007,深夜休憩漏れ四郎,13D99999,一般,2026-01-10,土,法定外,,,,,,,,,,,,,,,,,,,,,,,,,,,,,,,,,,,,,,,,,,,,,,,,,,,,,,
9999007,深夜休憩漏れ四郎,13D99999,一般,2026-01-11,日,法定外,,,,,,,,,,,,,,,,,,,,,,,,,,,,,,,,,,,,,,,,,,,,,,,,,,,,,,
9999007,深夜休憩漏れ四郎,13D99999,一般,2026-01-12,月,法定外,,,,,,,,,,,,,,,,,,,,,,,,,,,,,,,,,,,,,,,,,,,,,,,,,,,,,,
9999007,深夜休憩漏れ四郎,13D99999,一般,2026-01-13,火,平日,,,,,,,,,,,,,,,,,,,,,,,,,,,,,,,,,,,,,,,,,,,,,,,,,,,,,,
9999007,深夜休憩漏れ四郎,13D99999,一般,2026-01-14,水,平日,,,,,,,,,,,,,,,,,,,,,,,,,,,,,,,,,,,,,,,,,,,,,,,,,,,,,,
9999007,深夜休憩漏れ四郎,13D99999,一般,2026-01-15,木,平日,,,,,,,,,,,,,,,,,,,,,,,,,,,,,,,,,,,,,,,,,,,,,,,,,,,,,,
9999007,深夜休憩漏れ四郎,13D99999,一般,2026-01-16,金,平日,,,,,,,,,,,,,,,,,,,,,,,,,,,,,,,,,,,,,,,,,,,,,,,,,,,,,,
9999007,深夜休憩漏れ四郎,13D99999,一般,2026-01-17,土,法定外,,,,,,,,,,,,,,,,,,,,,,,,,,,,,,,,,,,,,,,,,,,,,,,,,,,,,,
9999007,深夜休憩漏れ四郎,13D99999,一般,2026-01-18,日,法定外,,,,,,,,,,,,,,,,,,,,,,,,,,,,,,,,,,,,,,,,,,,,,,,,,,,,,,
9999007,深夜休憩漏れ四郎,13D99999,一般,2026-01-19,月,平日,,,,,,,,,,,,,,,,,,,,,,,,,,,,,,,,,,,,,,,,,,,,,,,,,,,,,,
9999007,深夜休憩漏れ四郎,13D99999,一般,2026-01-20,火,平日,,,,,,,,,,,,,,,,,,,,,,,,,,,,,,,,,,,,,,,,,,,,,,,,,,,,,,
9999007,深夜休憩漏れ四郎,13D99999,一般,2026-01-21,水,平日,,,,,,,,,,,,,,,,,,,,,,,,,,,,,,,,,,,,,,,,,,,,,,,,,,,,,,
9999007,深夜休憩漏れ四郎,13D99999,一般,2026-01-22,木,平日,,,,,,,,,,,,,,,,,,,,,,,,,,,,,,,,,,,,,,,,,,,,,,,,,,,,,,
9999007,深夜休憩漏れ四郎,13D99999,一般,2026-01-23,金,平日,,,,,,,,,,,,,,,,,,,,,,,,,,,,,,,,,,,,,,,,,,,,,,,,,,,,,,
9999007,深夜休憩漏れ四郎,13D99999,一般,2026-01-24,土,法定外,,,,,,,,,,,,,,,,,,,,,,,,,,,,,,,,,,,,,,,,,,,,,,,,,,,,,,
9999007,深夜休憩漏れ四郎,13D99999,一般,2026-01-25,日,法定外,,,,,,,,,,,,,,,,,,,,,,,,,,,,,,,,,,,,,,,,,,,,,,,,,,,,,,
9999007,深夜休憩漏れ四郎,13D99999,一般,2026-01-26,月,平日,,,,,,,,,,,,,,,,,,,,,,,,,,,,,,,,,,,,,,,,,,,,,,,,,,,,,,
9999007,深夜休憩漏れ四郎,13D99999,一般,2026-01-27,火,平日,,,,,,,,,,,,,,,,,,,,,,,,,,,,,,,,,,,,,,,,,,,,,,,,,,,,,,
9999007,深夜休憩漏れ四郎,13D99999,一般,2026-01-28,水,平日,,,,,,,,,,,,,,,,,,,,,,,,,,,,,,,,,,,,,,,,,,,,,,,,,,,,,,
9999007,深夜休憩漏れ四郎,13D99999,一般,2026-01-29,木,平日,,,,,,,,,,,,,,,,,,,,,,,,,,,,,,,,,,,,,,,,,,,,,,,,,,,,,,
9999007,深夜休憩漏れ四郎,13D99999,一般,2026-01-30,金,平日,,,,,,,,,,,,,,,,,,,,,,,,,,,,,,,,,,,,,,,,,,,,,,,,,,,,,,
9999007,深夜休憩漏れ四郎,13D99999,一般,2026-01-31,土,法定外,,,,,,,,,,,,,,,,,,,,,,,,,,,,,,,,,,,,,,,,,,,,,,,,,,,,,,
9999008,深夜勤務五郎,13D99999,一般,2026-01-01,木,法定外,,,,,,,,,,,,,,,,,,,,,,,,,,,,,,,,,,,,,,,,,,,,,,,,,,,,,,
9999008,深夜勤務五郎,13D99999,一般,2026-01-02,金,法定外,,,,,,,,,,,,,,,,,,,,,,,,,,,,,,,,,,,,,,,,,,,,,,,,,,,,,,
9999008,深夜勤務五郎,13D99999,一般,2026-01-03,土,法定外,,,,,,,,,,,,,,,,,,,,,,,,,,,,,,,,,,,,,,,,,,,,,,,,,,,,,,
9999008,深夜勤務五郎,13D99999,一般,2026-01-04,日,法定外,,,,,,,,,,,,,,,,,,,,,,,,,,,,,,,,,,,,,,,,,,,,,,,,,,,,,,
9999008,深夜勤務五郎,13D99999,一般,2026-01-05,月,平日,"残業終了,900-1730/1200-1300/7.75/5",2026-01-05 09:00,,2026-01-05 23:30,2026-01-05 09:00,2026-01-05 23:30,,,,,,,,,,,,,,,,,,,,,,,,1:00,,0:30,13:00,13:00,,7:30,,5:30,1:30,,,,,,,,,,,,,,,違反テスト: 深夜勤務
9999008,深夜勤務五郎,13D99999,一般,2026-01-06,火,平日,"残業終了,900-1730/1200-1300/7.75/5",2026-01-06 09:00,,2026-01-06 23:30,2026-01-06 09:00,2026-01-06 23:30,,,,,,,,,,,,,,,,,,,,,,,,1:00,,0:30,13:00,13:00,,7:30,,5:30,1:30,,,,,,,,,,,,,,,違反テスト: 深夜勤務
9999008,深夜勤務五郎,13D99999,一般,2026-01-07,水,平日,"残業終了,900-1730/1200-1300/7.75/5",2026-01-07 09:00,,2026-01-07 23:30,2026-01-07 09:00,2026-01-07 23:30,,,,,,,,,,,,,,,,,,,,,,,,1:00,,0:30,13:00,13:00,,7:30,,5:30,1:30,,,,,,,,,,,,,,,違反テスト: 深夜勤務
9999008,深夜勤務五郎,13D99999,一般,2026-01-08,木,平日,"残業終了,900-1730/1200-1300/7.75/5",2026-01-08 09:00,,2026-01-08 23:30,2026-01-08 09:00,2026-01-08 23:30,,,,,,,,,,,,,,,,,,,,,,,,1:00,,0:30,13:00,13:00,,7:30,,5:30,1:30,,,,,,,,,,,,,,,違反テスト: 深夜勤務
9999008,深夜勤務五郎,13D99999,一般,2026-01-09,金,平日,"残業終了,900-1730/1200-1300/7.75/5",2026-01-09 09:00,,2026-01-09 23:30,2026-01-09 09:00,2026-01-09 23:30,,,,,,,,,,,,,,,,,,,,,,,,1:00,,0:30,13:00,13:00,,7:30,,5:30,1:30,,,,,,,,,,,,,,,違反テスト: 深夜勤務
9999008,深夜勤務五郎,13D99999,一般,2026-01-10,土,法定外,,,,,,,,,,,,,,,,,,,,,,,,,,,,,,,,,,,,,,,,,,,,,,,,,,,,,,
9999008,深夜勤務五郎,13D99999,一般,2026-01-11,日,法定外,,,,,,,,,,,,,,,,,,,,,,,,,,,,,,,,,,,,,,,,,,,,,,,,,,,,,,
9999008,深夜勤務五郎,13D99999,一般,2026-01-12,月,法定外,,,,,,,,,,,,,,,,,,,,,,,,,,,,,,,,,,,,,,,,,,,,,,,,,,,,,,
9999008,深夜勤務五郎,13D99999,一般,2026-01-13,火,平日,,,,,,,,,,,,,,,,,,,,,,,,,,,,,,,,,,,,,,,,,,,,,,,,,,,,,,
9999008,深夜勤務五郎,13D99999,一般,2026-01-14,水,平日,,,,,,,,,,,,,,,,,,,,,,,,,,,,,,,,,,,,,,,,,,,,,,,,,,,,,,
9999008,深夜勤務五郎,13D99999,一般,2026-01-15,木,平日,,,,,,,,,,,,,,,,,,,,,,,,,,,,,,,,,,,,,,,,,,,,,,,,,,,,,,
9999008,深夜勤務五郎,13D99999,一般,2026-01-16,金,平日,,,,,,,,,,,,,,,,,,,,,,,,,,,,,,,,,,,,,,,,,,,,,,,,,,,,,,
9999008,深夜勤務五郎,13D99999,一般,2026-01-17,土,法定外,,,,,,,,,,,,,,,,,,,,,,,,,,,,,,,,,,,,,,,,,,,,,,,,,,,,,,
9999008,深夜勤務五郎,13D99999,一般,2026-01-18,日,法定外,,,,,,,,,,,,,,,,,,,,,,,,,,,,,,,,,,,,,,,,,,,,,,,,,,,,,,
9999008,深夜勤務五郎,13D99999,一般,2026-01-19,月,平日,,,,,,,,,,,,,,,,,,,,,,,,,,,,,,,,,,,,,,,,,,,,,,,,,,,,,,
9999008,深夜勤務五郎,13D99999,一般,2026-01-20,火,平日,,,,,,,,,,,,,,,,,,,,,,,,,,,,,,,,,,,,,,,,,,,,,,,,,,,,,,
9999008,深夜勤務五郎,13D99999,一般,2026-01-21,水,平日,,,,,,,,,,,,,,,,,,,,,,,,,,,,,,,,,,,,,,,,,,,,,,,,,,,,,,
9999008,深夜勤務五郎,13D99999,一般,2026-01-22,木,平日,,,,,,,,,,,,,,,,,,,,,,,,,,,,,,,,,,,,,,,,,,,,,,,,,,,,,,
9999008,深夜勤務五郎,13D99999,一般,2026-01-23,金,平日,,,,,,,,,,,,,,,,,,,,,,,,,,,,,,,,,,,,,,,,,,,,,,,,,,,,,,
9999008,深夜勤務五郎,13D99999,一般,2026-01-24,土,法定外,,,,,,,,,,,,,,,,,,,,,,,,,,,,,,,,,,,,,,,,,,,,,,,,,,,,,,
9999008,深夜勤務五郎,13D99999,一般,2026-01-25,日,法定外,,,,,,,,,,,,,,,,,,,,,,,,,,,,,,,,,,,,,,,,,,,,,,,,,,,,,,
9999008,深夜勤務五郎,13D99999,一般,2026-01-26,月,平日,,,,,,,,,,,,,,,,,,,,,,,,,,,,,,,,,,,,,,,,,,,,,,,,,,,,,,
9999008,深夜勤務五郎,13D99999,一般,2026-01-27,火,平日,,,,,,,,,,,,,,,,,,,,,,,,,,,,,,,,,,,,,,,,,,,,,,,,,,,,,,
9999008,深夜勤務五郎,13D99999,一般,2026-01-28,水,平日,,,,,,,,,,,,,,,,,,,,,,,,,,,,,,,,,,,,,,,,,,,,,,,,,,,,,,
9999008,深夜勤務五郎,13D99999,一般,2026-01-29,木,平日,,,,,,,,,,,,,,,,,,,,,,,,,,,,,,,,,,,,,,,,,,,,,,,,,,,,,,
9999008,深夜勤務五郎,13D99999,一般,2026-01-30,金,平日,,,,,,,,,,,,,,,,,,,,,,,,,,,,,,,,,,,,,,,,,,,,,,,,,,,,,,
9999008,深夜勤務五郎,13D99999,一般,2026-01-31,土,法定外,,,,,,,,,,,,,,,,,,,,,,,,,,,,,,,,,,,,,,,,,,,,,,,,,,,,,,
9999009,正常勤務六郎,13D99999,一般,2026-01-01,木,法定外,,,,,,,,,,,,,,,,,,,,,,,,,,,,,,,,,,,,,,,,,,,,,,,,,,,,,,
9999009,正常勤務六郎,13D99999,一般,2026-01-02,金,法定外,,,,,,,,,,,,,,,,,,,,,,,,,,,,,,,,,,,,,,,,,,,,,,,,,,,,,,
9999009,正常勤務六郎,13D99999,一般,2026-01-03,土,法定外,,,,,,,,,,,,,,,,,,,,,,,,,,,,,,,,,,,,,,,,,,,,,,,,,,,,,,
9999009,正常勤務六郎,13D99999,一般,2026-01-04,日,法定外,,,,,,,,,,,,,,,,,,,,,,,,,,,,,,,,,,,,,,,,,,,,,,,,,,,,,,
9999009,正常勤務六郎,13D99999,一般,2026-01-05,月,平日,"残業終了,900-1730/1200-1300/7.75/5",2026-01-05 09:00,,2026-01-05 17:30,2026-01-05 09:00,2026-01-05 17:30,,,,,,,,,,,,,,,,,,,,,,,,1:00,,,7:30,7:30,,7:30,,,,,,,,,,,,,,,,,,違反テスト: 正常
9999009,正常勤務六郎,13D99999,一般,2026-01-06,火,平日,"残業終了,900-1730/1200-1300/7.75/5",2026-01-06 09:00,,2026-01-06 17:30,2026-01-06 09:00,2026-01-06 17:30,,,,,,,,,,,,,,,,,,,,,,,,1:00,,,7:30,7:30,,7:30,,,,,,,,,,,,,,,,,,違反テスト: 正常
9999009,正常勤務六郎,13D99999,一般,2026-01-07,水,平日,"残業終了,900-1730/1200-1300/7.75/5",2026-01-07 09:00,,2026-01-07 17:30,2026-01-07 09:00,2026-01-07 17:30,,,,,,,,,,,,,,,,,,,,,,,,1:00,,,7:30,7:30,,7:30,,,,,,,,,,,,,,,,,,違反テスト: 正常
9999009,正常勤務六郎,13D99999,一般,2026-01-08,木,平日,"残業終了,900-1730/1200-1300/7.75/5",2026-01-08 09:00,,2026-01-08 17:30,2026-01-08 09:00,2026-01-08 17:30,,,,,,,,,,,,,,,,,,,,,,,,1:00,,,7:30,7:30,,7:30,,,,,,,,,,,,,,,,,,違反テスト: 正常
9999009,正常勤務六郎,13D99999,一般,2026-01-09,金,平日,"残業終了,900-1730/1200-1300/7.75/5",2026-01-09 09:00,,2026-01-09 17:30,2026-01-09 09:00,2026-01-09 17:30,,,,,,,,,,,,,,,,,,,,,,,,1:00,,,7:30,7:30,,7:30,,,,,,,,,,,,,,,,,,違反テスト: 正常
9999009,正常勤務六郎,13D99999,一般,2026-01-10,土,法定外,,,,,,,,,,,,,,,,,,,,,,,,,,,,,,,,,,,,,,,,,,,,,,,,,,,,,,
9999009,正常勤務六郎,13D99999,一般,2026-01-11,日,法定外,,,,,,,,,,,,,,,,,,,,,,,,,,,,,,,,,,,,,,,,,,,,,,,,,,,,,,
9999009,正常勤務六郎,13D99999,一般,2026-01-12,月,法定外,,,,,,,,,,,,,,,,,,,,,,,,,,,,,,,,,,,,,,,,,,,,,,,,,,,,,,
9999009,正常勤務六郎,13D99999,一般,2026-01-13,火,平日,,,,,,,,,,,,,,,,,,,,,,,,,,,,,,,,,,,,,,,,,,,,,,,,,,,,,,
9999009,正常勤務六郎,13D99999,一般,2026-01-14,水,平日,,,,,,,,,,,,,,,,,,,,,,,,,,,,,,,,,,,,,,,,,,,,,,,,,,,,,,
9999009,正常勤務六郎,13D99999,一般,2026-01-15,木,平日,,,,,,,,,,,,,,,,,,,,,,,,,,,,,,,,,,,,,,,,,,,,,,,,,,,,,,
9999009,正常勤務六郎,13D99999,一般,2026-01-16,金,平日,,,,,,,,,,,,,,,,,,,,,,,,,,,,,,,,,,,,,,,,,,,,,,,,,,,,,,
9999009,正常勤務六郎,13D99999,一般,2026-01-17,土,法定外,,,,,,,,,,,,,,,,,,,,,,,,,,,,,,,,,,,,,,,,,,,,,,,,,,,,,,
9999009,正常勤務六郎,13D99999,一般,2026-01-18,日,法定外,,,,,,,,,,,,,,,,,,,,,,,,,,,,,,,,,,,,,,,,,,,,,,,,,,,,,,
9999009,正常勤務六郎,13D99999,一般,2026-01-19,月,平日,,,,,,,,,,,,,,,,,,,,,,,,,,,,,,,,,,,,,,,,,,,,,,,,,,,,,,
9999009,正常勤務六郎,13D99999,一般,2026-01-20,火,平日,,,,,,,,,,,,,,,,,,,,,,,,,,,,,,,,,,,,,,,,,,,,,,,,,,,,,,
9999009,正常勤務六郎,13D99999,一般,2026-01-21,水,平日,,,,,,,,,,,,,,,,,,,,,,,,,,,,,,,,,,,,,,,,,,,,,,,,,,,,,,
9999009,正常勤務六郎,13D99999,一般,2026-01-22,木,平日,,,,,,,,,,,,,,,,,,,,,,,,,,,,,,,,,,,,,,,,,,,,,,,,,,,,,,
9999009,正常勤務六郎,13D99999,一般,2026-01-23,金,平日,,,,,,,,,,,,,,,,,,,,,,,,,,,,,,,,,,,,,,,,,,,,,,,,,,,,,,
9999009,正常勤務六郎,13D99999,一般,2026-01-24,土,法定外,,,,,,,,,,,,,,,,,,,,,,,,,,,,,,,,,,,,,,,,,,,,,,,,,,,,,,
9999009,正常勤務六郎,13D99999,一般,2026-01-25,日,法定外,,,,,,,,,,,,,,,,,,,,,,,,,,,,,,,,,,,,,,,,,,,,,,,,,,,,,,
9999009,正常勤務六郎,13D99999,一般,2026-01-26,月,平日,,,,,,,,,,,,,,,,,,,,,,,,,,,,,,,,,,,,,,,,,,,,,,,,,,,,,,
9999009,正常勤務六郎,13D99999,一般,2026-01-27,火,平日,,,,,,,,,,,,,,,,,,,,,,,,,,,,,,,,,,,,,,,,,,,,,,,,,,,,,,
9999009,正常勤務六郎,13D99999,一般,2026-01-28,水,平日,,,,,,,,,,,,,,,,,,,,,,,,,,,,,,,,,,,,,,,,,,,,,,,,,,,,,,
9999009,正常勤務六郎,13D99999,一般,2026-01-29,木,平日,,,,,,,,,,,,,,,,,,,,,,,,,,,,,,,,,,,,,,,,,,,,,,,,,,,,,,
9999009,正常勤務六郎,13D99999,一般,2026-01-30,金,平日,,,,,,,,,,,,,,,,,,,,,,,,,,,,,,,,,,,,,,,,,,,,,,,,,,,,,,
9999009,正常勤務六郎,13D99999,一般,2026-01-31,土,法定外,,,,,,,,,,,,,,,,,,,,,,,,,,,,,,,,,,,,,,,,,,,,,,,,,,,,,,
9999010,有休取得七郎,13D99999,一般,2026-01-01,木,法定外,,,,,,,,,,,,,,,,,,,,,,,,,,,,,,,,,,,,,,,,,,,,,,,,,,,,,,
9999010,有休取得七郎,13D99999,一般,2026-01-02,金,法定外,,,,,,,,,,,,,,,,,,,,,,,,,,,,,,,,,,,,,,,,,,,,,,,,,,,,,,
9999010,有休取得七郎,13D99999,一般,2026-01-03,土,法定外,,,,,,,,,,,,,,,,,,,,,,,,,,,,,,,,,,,,,,,,,,,,,,,,,,,,,,
9999010,有休取得七郎,13D99999,一般,2026-01-04,日,法定外,,,,,,,,,,,,,,,,,,,,,,,,,,,,,,,,,,,,,,,,,,,,,,,,,,,,,,
9999010,有休取得七郎,13D99999,一般,2026-01-05,月,平日,有休,,,,,,,,,,,,,,,,,,,,,,,,,,,,,,,,,,7:30,,,,,,,,,,,,,,,,,,,違反テスト: 有休
9999010,有休取得七郎,13D99999,一般,2026-01-06,火,平日,有休,,,,,,,,,,,,,,,,,,,,,,,,,,,,,,,,,,7:30,,,,,,,,,,,,,,,,,,,違反テスト: 有休
9999010,有休取得七郎,13D99999,一般,2026-01-07,水,平日,有休,,,,,,,,,,,,,,,,,,,,,,,,,,,,,,,,,,7:30,,,,,,,,,,,,,,,,,,,違反テスト: 有休
9999010,有休取得七郎,13D99999,一般,2026-01-08,木,平日,有休,,,,,,,,,,,,,,,,,,,,,,,,,,,,,,,,,,7:30,,,,,,,,,,,,,,,,,,,違反テスト: 有休
9999010,有休取得七郎,13D99999,一般,2026-01-09,金,平日,有休,,,,,,,,,,,,,,,,,,,,,,,,,,,,,,,,,,7:30,,,,,,,,,,,,,,,,,,,違反テスト: 有休
9999010,有休取得七郎,13D99999,一般,2026-01-10,土,法定外,,,,,,,,,,,,,,,,,,,,,,,,,,,,,,,,,,,,,,,,,,,,,,,,,,,,,,
9999010,有休取得七郎,13D99999,一般,2026-01-11,日,法定外,,,,,,,,,,,,,,,,,,,,,,,,,,,,,,,,,,,,,,,,,,,,,,,,,,,,,,
9999010,有休取得七郎,13D99999,一般,2026-01-12,月,法定外,,,,,,,,,,,,,,,,,,,,,,,,,,,,,,,,,,,,,,,,,,,,,,,,,,,,,,
9999010,有休取得七郎,13D99999,一般,2026-01-13,火,平日,,,,,,,,,,,,,,,,,,,,,,,,,,,,,,,,,,,,,,,,,,,,,,,,,,,,,,
9999010,有休取得七郎,13D99999,一般,2026-01-14,水,平日,,,,,,,,,,,,,,,,,,,,,,,,,,,,,,,,,,,,,,,,,,,,,,,,,,,,,,
9999010,有休取得七郎,13D99999,一般,2026-01-15,木,平日,,,,,,,,,,,,,,,,,,,,,,,,,,,,,,,,,,,,,,,,,,,,,,,,,,,,,,
9999010,有休取得七郎,13D99999,一般,2026-01-16,金,平日,,,,,,,,,,,,,,,,,,,,,,,,,,,,,,,,,,,,,,,,,,,,,,,,,,,,,,
9999010,有休取得七郎,13D99999,一般,2026-01-17,土,法定外,,,,,,,,,,,,,,,,,,,,,,,,,,,,,,,,,,,,,,,,,,,,,,,,,,,,,,
9999010,有休取得七郎,13D99999,一般,2026-01-18,日,法定外,,,,,,,,,,,,,,,,,,,,,,,,,,,,,,,,,,,,,,,,,,,,,,,,,,,,,,
9999010,有休取得七郎,13D99999,一般,2026-01-19,月,平日,,,,,,,,,,,,,,,,,,,,,,,,,,,,,,,,,,,,,,,,,,,,,,,,,,,,,,
9999010,有休取得七郎,13D99999,一般,2026-01-20,火,平日,,,,,,,,,,,,,,,,,,,,,,,,,,,,,,,,,,,,,,,,,,,,,,,,,,,,,,
9999010,有休取得七郎,13D99999,一般,2026-01-21,水,平日,,,,,,,,,,,,,,,,,,,,,,,,,,,,,,,,,,,,,,,,,,,,,,,,,,,,,,
9999010,有休取得七郎,13D99999,一般,2026-01-22,木,平日,,,,,,,,,,,,,,,,,,,,,,,,,,,,,,,,,,,,,,,,,,,,,,,,,,,,,,
9999010,有休取得七郎,13D99999,一般,2026-01-23,金,平日,,,,,,,,,,,,,,,,,,,,,,,,,,,,,,,,,,,,,,,,,,,,,,,,,,,,,,
9999010,有休取得七郎,13D99999,一般,2026-01-24,土,法定外,,,,,,,,,,,,,,,,,,,,,,,,,,,,,,,,,,,,,,,,,,,,,,,,,,,,,,
9999010,有休取得七郎,13D99999,一般,2026-01-25,日,法定外,,,,,,,,,,,,,,,,,,,,,,,,,,,,,,,,,,,,,,,,,,,,,,,,,,,,,,
9999010,有休取得七郎,13D99999,一般,2026-01-26,月,平日,,,,,,,,,,,,,,,,,,,,,,,,,,,,,,,,,,,,,,,,,,,,,,,,,,,,,,
9999010,有休取得七郎,13D99999,一般,2026-01-27,火,平日,,,,,,,,,,,,,,,,,,,,,,,,,,,,,,,,,,,,,,,,,,,,,,,,,,,,,,
9999010,有休取得七郎,13D99999,一般,2026-01-28,水,平日,,,,,,,,,,,,,,,,,,,,,,,,,,,,,,,,,,,,,,,,,,,,,,,,,,,,,,
9999010,有休取得七郎,13D99999,一般,2026-01-29,木,平日,,,,,,,,,,,,,,,,,,,,,,,,,,,,,,,,,,,,,,,,,,,,,,,,,,,,,,
9999010,有休取得七郎,13D99999,一般,2026-01-30,金,平日,,,,,,,,,,,,,,,,,,,,,,,,,,,,,,,,,,,,,,,,,,,,,,,,,,,,,,
9999010,有休取得七郎,13D99999,一般,2026-01-31,土,法定外,,,,,,,,,,,,,,,,,,,,,,,,,,,,,,,,,,,,,,,,,,,,,,,,,,,,,,
9999011,複合違反八郎,13D99999,一般,2026-01-01,木,法定外,,,,,,,,,,,,,,,,,,,,,,,,,,,,,,,,,,,,,,,,,,,,,,,,,,,,,,
9999011,複合違反八郎,13D99999,一般,2026-01-02,金,法定外,,,,,,,,,,,,,,,,,,,,,,,,,,,,,,,,,,,,,,,,,,,,,,,,,,,,,,
9999011,複合違反八郎,13D99999,一般,2026-01-03,土,法定外,,,,,,,,,,,,,,,,,,,,,,,,,,,,,,,,,,,,,,,,,,,,,,,,,,,,,,
9999011,複合違反八郎,13D99999,一般,2026-01-04,日,法定外,,,,,,,,,,,,,,,,,,,,,,,,,,,,,,,,,,,,,,,,,,,,,,,,,,,,,,
9999011,複合違反八郎,13D99999,一般,2026-01-05,月,平日,"残業終了,900-1730/1200-1300/7.75/5",2026-01-05 09:30,,2026-01-05 17:30,2026-01-05 09:30,2026-01-05 17:30,,,,,,,,,,,,,,,,,,,,,,,,0:30,,,7:30,7:30,,7:00,,,,,,,0:30,,,,,,,,,,,違反テスト: 複合
9999011,複合違反八郎,13D99999,一般,2026-01-06,火,平日,"残業終了,900-1730/1200-1300/7.75/5",2026-01-06 09:30,,2026-01-06 17:30,2026-01-06 09:30,2026-01-06 17:30,,,,,,,,,,,,,,,,,,,,,,,,0:30,,,7:30,7:30,,7:00,,,,,,,0:30,,,,,,,,,,,違反テスト: 複合
9999011,複合違反八郎,13D99999,一般,2026-01-07,水,平日,"残業終了,900-1730/1200-1300/7.75/5",2026-01-07 09:30,,2026-01-07 17:30,2026-01-07 09:30,2026-01-07 17:30,,,,,,,,,,,,,,,,,,,,,,,,0:30,,,7:30,7:30,,7:00,,,,,,,0:30,,,,,,,,,,,違反テスト: 複合
9999011,複合違反八郎,13D99999,一般,2026-01-08,木,平日,"残業終了,900-1730/1200-1300/7.75/5",2026-01-08 09:30,,2026-01-08 17:30,2026-01-08 09:30,2026-01-08 17:30,,,,,,,,,,,,,,,,,,,,,,,,0:30,,,7:30,7:30,,7:00,,,,,,,0:30,,,,,,,,,,,違反テスト: 複合
9999011,複合違反八郎,13D99999,一般,2026-01-09,金,平日,"残業終了,900-1730/1200-1300/7.75/5",2026-01-09 09:30,,2026-01-09 17:30,2026-01-09 09:30,2026-01-09 17:30,,,,,,,,,,,,,,,,,,,,,,,,0:30,,,7:30,7:30,,7:00,,,,,,,0:30,,,,,,,,,,,違反テスト: 複合
9999011,複合違反八郎,13D99999,一般,2026-01-10,土,法定外,,,,,,,,,,,,,,,,,,,,,,,,,,,,,,,,,,,,,,,,,,,,,,,,,,,,,,
9999011,複合違反八郎,13D99999,一般,2026-01-11,日,法定外,,,,,,,,,,,,,,,,,,,,,,,,,,,,,,,,,,,,,,,,,,,,,,,,,,,,,,
9999011,複合違反八郎,13D99999,一般,2026-01-12,月,法定外,,,,,,,,,,,,,,,,,,,,,,,,,,,,,,,,,,,,,,,,,,,,,,,,,,,,,,
9999011,複合違反八郎,13D99999,一般,2026-01-13,火,平日,,,,,,,,,,,,,,,,,,,,,,,,,,,,,,,,,,,,,,,,,,,,,,,,,,,,,,
9999011,複合違反八郎,13D99999,一般,2026-01-14,水,平日,,,,,,,,,,,,,,,,,,,,,,,,,,,,,,,,,,,,,,,,,,,,,,,,,,,,,,
9999011,複合違反八郎,13D99999,一般,2026-01-15,木,平日,,,,,,,,,,,,,,,,,,,,,,,,,,,,,,,,,,,,,,,,,,,,,,,,,,,,,,
9999011,複合違反八郎,13D99999,一般,2026-01-16,金,平日,,,,,,,,,,,,,,,,,,,,,,,,,,,,,,,,,,,,,,,,,,,,,,,,,,,,,,
9999011,複合違反八郎,13D99999,一般,2026-01-17,土,法定外,,,,,,,,,,,,,,,,,,,,,,,,,,,,,,,,,,,,,,,,,,,,,,,,,,,,,,
9999011,複合違反八郎,13D99999,一般,2026-01-18,日,法定外,,,,,,,,,,,,,,,,,,,,,,,,,,,,,,,,,,,,,,,,,,,,,,,,,,,,,,
9999011,複合違反八郎,13D99999,一般,2026-01-19,月,平日,,,,,,,,,,,,,,,,,,,,,,,,,,,,,,,,,,,,,,,,,,,,,,,,,,,,,,
9999011,複合違反八郎,13D99999,一般,2026-01-20,火,平日,,,,,,,,,,,,,,,,,,,,,,,,,,,,,,,,,,,,,,,,,,,,,,,,,,,,,,
9999011,複合違反八郎,13D99999,一般,2026-01-21,水,平日,,,,,,,,,,,,,,,,,,,,,,,,,,,,,,,,,,,,,,,,,,,,,,,,,,,,,,
9999011,複合違反八郎,13D99999,一般,2026-01-22,木,平日,,,,,,,,,,,,,,,,,,,,,,,,,,,,,,,,,,,,,,,,,,,,,,,,,,,,,,
9999011,複合違反八郎,13D99999,一般,2026-01-23,金,平日,,,,,,,,,,,,,,,,,,,,,,,,,,,,,,,,,,,,,,,,,,,,,,,,,,,,,,
9999011,複合違反八郎,13D99999,一般,2026-01-24,土,法定外,,,,,,,,,,,,,,,,,,,,,,,,,,,,,,,,,,,,,,,,,,,,,,,,,,,,,,
9999011,複合違反八郎,13D99999,一般,2026-01-25,日,法定外,,,,,,,,,,,,,,,,,,,,,,,,,,,,,,,,,,,,,,,,,,,,,,,,,,,,,,
9999011,複合違反八郎,13D99999,一般,2026-01-26,月,平日,,,,,,,,,,,,,,,,,,,,,,,,,,,,,,,,,,,,,,,,,,,,,,,,,,,,,,
9999011,複合違反八郎,13D99999,一般,2026-01-27,火,平日,,,,,,,,,,,,,,,,,,,,,,,,,,,,,,,,,,,,,,,,,,,,,,,,,,,,,,
9999011,複合違反八郎,13D99999,一般,2026-01-28,水,平日,,,,,,,,,,,,,,,,,,,,,,,,,,,,,,,,,,,,,,,,,,,,,,,,,,,,,,
9999011,複合違反八郎,13D99999,一般,2026-01-29,木,平日,,,,,,,,,,,,,,,,,,,,,,,,,,,,,,,,,,,,,,,,,,,,,,,,,,,,,,
9999011,複合違反八郎,13D99999,一般,2026-01-30,金,平日,,,,,,,,,,,,,,,,,,,,,,,,,,,,,,,,,,,,,,,,,,,,,,,,,,,,,,
9999011,複合違反八郎,13D99999,一般,2026-01-31,土,法定外,,,,,,,,,,,,,,,,,,,,,,,,,,,,,,,,,,,,,,,,,,,,,,,,,,,,,,
9999012,休日出勤九郎,13D99999,一般,2026-01-01,木,法定外,,,,,,,,,,,,,,,,,,,,,,,,,,,,,,,,,,,,,,,,,,,,,,,,,,,,,,
9999012,休日出勤九郎,13D99999,一般,2026-01-02,金,法定外,,,,,,,,,,,,,,,,,,,,,,,,,,,,,,,,,,,,,,,,,,,,,,,,,,,,,,
9999012,休日出勤九郎,13D99999,一般,2026-01-03,土,法定外,,,,,,,,,,,,,,,,,,,,,,,,,,,,,,,,,,,,,,,,,,,,,,,,,,,,,,
9999012,休日出勤九郎,13D99999,一般,2026-01-04,日,法定外,,,,,,,,,,,,,,,,,,,,,,,,,,,,,,,,,,,,,,,,,,,,,,,,,,,,,,
9999012,休日出勤九郎,13D99999,一般,2026-01-05,月,平日,"残業終了,900-1730/1200-1300/7.75/5",2026-01-05 09:00,,2026-01-05 17:30,2026-01-05 09:00,2026-01-05 17:30,,,,,,,,,,,,,,,,,,,,,,,,1:00,,,7:30,7:30,,7:30,,,,,,,,,,,,,,,,,,違反テスト: 休日出勤
9999012,休日出勤九郎,13D99999,一般,2026-01-06,火,平日,"残業終了,900-1730/1200-1300/7.75/5",2026-01-06 09:00,,2026-01-06 17:30,2026-01-06 09:00,2026-01-06 17:30,,,,,,,,,,,,,,,,,,,,,,,,1:00,,,7:30,7:30,,7:30,,,,,,,,,,,,,,,,,,違反テスト: 休日出勤
9999012,休日出勤九郎,13D99999,一般,2026-01-07,水,平日,"残業終了,900-1730/1200-1300/7.75/5",2026-01-07 09:00,,2026-01-07 17:30,2026-01-07 09:00,2026-01-07 17:30,,,,,,,,,,,,,,,,,,,,,,,,1:00,,,7:30,7:30,,7:30,,,,,,,,,,,,,,,,,,違反テスト: 休日出勤
9999012,休日出勤九郎,13D99999,一般,2026-01-08,木,平日,"残業終了,900-1730/1200-1300/7.75/5",2026-01-08 09:00,,2026-01-08 17:30,2026-01-08 09:00,2026-01-08 17:30,,,,,,,,,,,,,,,,,,,,,,,,1:00,,,7:30,7:30,,7:30,,,,,,,,,,,,,,,,,,違反テスト: 休日出勤
9999012,休日出勤九郎,13D99999,一般,2026-01-09,金,平日,"残業終了,900-1730/1200-1300/7.75/5",2026-01-09 09:00,,2026-01-09 17:30,2026-01-09 09:00,2026-01-09 17:30,,,,,,,,,,,,,,,,,,,,,,,,1:00,,,7:30,7:30,,7:30,,,,,,,,,,,,,,,,,,違反テスト: 休日出勤
9999012,休日出勤九郎,13D99999,一般,2026-01-10,土,法定外,,,,,,,,,,,,,,,,,,,,,,,,,,,,,,,,,,,,,,,,,,,,,,,,,,,,,,
9999012,休日出勤九郎,13D99999,一般,2026-01-11,日,法定外,,,,,,,,,,,,,,,,,,,,,,,,,,,,,,,,,,,,,,,,,,,,,,,,,,,,,,
9999012,休日出勤九郎,13D99999,一般,2026-01-12,月,法定外,,,,,,,,,,,,,,,,,,,,,,,,,,,,,,,,,,,,,,,,,,,,,,,,,,,,,,
9999012,休日出勤九郎,13D99999,一般,2026-01-13,火,平日,,,,,,,,,,,,,,,,,,,,,,,,,,,,,,,,,,,,,,,,,,,,,,,,,,,,,,
9999012,休日出勤九郎,13D99999,一般,2026-01-14,水,平日,,,,,,,,,,,,,,,,,,,,,,,,,,,,,,,,,,,,,,,,,,,,,,,,,,,,,,
9999012,休日出勤九郎,13D99999,一般,2026-01-15,木,平日,,,,,,,,,,,,,,,,,,,,,,,,,,,,,,,,,,,,,,,,,,,,,,,,,,,,,,
9999012,休日出勤九郎,13D99999,一般,2026-01-16,金,平日,,,,,,,,,,,,,,,,,,,,,,,,,,,,,,,,,,,,,,,,,,,,,,,,,,,,,,
9999012,休日出勤九郎,13D99999,一般,2026-01-17,土,法定外,,,,,,,,,,,,,,,,,,,,,,,,,,,,,,,,,,,,,,,,,,,,,,,,,,,,,,
9999012,休日出勤九郎,13D99999,一般,2026-01-18,日,法定外,,,,,,,,,,,,,,,,,,,,,,,,,,,,,,,,,,,,,,,,,,,,,,,,,,,,,,
9999012,休日出勤九郎,13D99999,一般,2026-01-19,月,平日,,,,,,,,,,,,,,,,,,,,,,,,,,,,,,,,,,,,,,,,,,,,,,,,,,,,,,
9999012,休日出勤九郎,13D99999,一般,2026-01-20,火,平日,,,,,,,,,,,,,,,,,,,,,,,,,,,,,,,,,,,,,,,,,,,,,,,,,,,,,,
9999012,休日出勤九郎,13D99999,一般,2026-01-21,水,平日,,,,,,,,,,,,,,,,,,,,,,,,,,,,,,,,,,,,,,,,,,,,,,,,,,,,,,
9999012,休日出勤九郎,13D99999,一般,2026-01-22,木,平日,,,,,,,,,,,,,,,,,,,,,,,,,,,,,,,,,,,,,,,,,,,,,,,,,,,,,,
9999012,休日出勤九郎,13D99999,一般,2026-01-23,金,平日,,,,,,,,,,,,,,,,,,,,,,,,,,,,,,,,,,,,,,,,,,,,,,,,,,,,,,
9999012,休日出勤九郎,13D99999,一般,2026-01-24,土,法定外,,,,,,,,,,,,,,,,,,,,,,,,,,,,,,,,,,,,,,,,,,,,,,,,,,,,,,
9999012,休日出勤九郎,13D99999,一般,2026-01-25,日,法定外,,,,,,,,,,,,,,,,,,,,,,,,,,,,,,,,,,,,,,,,,,,,,,,,,,,,,,
9999012,休日出勤九郎,13D99999,一般,2026-01-26,月,平日,,,,,,,,,,,,,,,,,,,,,,,,,,,,,,,,,,,,,,,,,,,,,,,,,,,,,,
9999012,休日出勤九郎,13D99999,一般,2026-01-27,火,平日,,,,,,,,,,,,,,,,,,,,,,,,,,,,,,,,,,,,,,,,,,,,,,,,,,,,,,
9999012,休日出勤九郎,13D99999,一般,2026-01-28,水,平日,,,,,,,,,,,,,,,,,,,,,,,,,,,,,,,,,,,,,,,,,,,,,,,,,,,,,,
9999012,休日出勤九郎,13D99999,一般,2026-01-29,木,平日,,,,,,,,,,,,,,,,,,,,,,,,,,,,,,,,,,,,,,,,,,,,,,,,,,,,,,
9999012,休日出勤九郎,13D99999,一般,2026-01-30,金,平日,,,,,,,,,,,,,,,,,,,,,,,,,,,,,,,,,,,,,,,,,,,,,,,,,,,,,,
9999012,休日出勤九郎,13D99999,一般,2026-01-31,土,法定外,,,,,,,,,,,,,,,,,,,,,,,,,,,,,,,,,,,,,,,,,,,,,,,,,,,,,,
9999013,時間有休十郎,13D99999,一般,2026-01-01,木,法定外,,,,,,,,,,,,,,,,,,,,,,,,,,,,,,,,,,,,,,,,,,,,,,,,,,,,,,
9999013,時間有休十郎,13D99999,一般,2026-01-02,金,法定外,,,,,,,,,,,,,,,,,,,,,,,,,,,,,,,,,,,,,,,,,,,,,,,,,,,,,,
9999013,時間有休十郎,13D99999,一般,2026-01-03,土,法定外,,,,,,,,,,,,,,,,,,,,,,,,,,,,,,,,,,,,,,,,,,,,,,,,,,,,,,
9999013,時間有休十郎,13D99999,一般,2026-01-04,日,法定外,,,,,,,,,,,,,,,,,,,,,,,,,,,,,,,,,,,,,,,,,,,,,,,,,,,,,,
9999013,時間有休十郎,13D99999,一般,2026-01-05,月,平日,"時間有休,900-1730/1200-1300/7.75/5",2026-01-05 09:00,,2026-01-05 17:30,2026-01-05 09:00,2026-01-05 17:30,,,,,,,,,,,,,,,,2026-01-05 14:00,2026-01-05 15:00,,,,,,,1:00,,,6:30,7:30,1:00,7:30,,,,,,,,,,,,,,,,,,違反テスト: 時間有休
9999013,時間有休十郎,13D99999,一般,2026-01-06,火,平日,"時間有休,900-1730/1200-1300/7.75/5",2026-01-06 09:00,,2026-01-06 17:30,2026-01-06 09:00,2026-01-06 17:30,,,,,,,,,,,,,,,,2026-01-06 14:00,2026-01-06 15:00,,,,,,,1:00,,,6:30,7:30,1:00,7:30,,,,,,,,,,,,,,,,,,違反テスト: 時間有休
9999013,時間有休十郎,13D99999,一般,2026-01-07,水,平日,"時間有休,900-1730/1200-1300/7.75/5",2026-01-07 09:00,,2026-01-07 17:30,2026-01-07 09:00,2026-01-07 17:30,,,,,,,,,,,,,,,,2026-01-07 14:00,2026-01-07 15:00,,,,,,,1:00,,,6:30,7:30,1:00,7:30,,,,,,,,,,,,,,,,,,違反テスト: 時間有休
9999013,時間有休十郎,13D99999,一般,2026-01-08,木,平日,"時間有休,900-1730/1200-1300/7.75/5",2026-01-08 09:00,,2026-01-08 17:30,2026-01-08 09:00,2026-01-08 17:30,,,,,,,,,,,,,,,,2026-01-08 14:00,2026-01-08 15:00,,,,,,,1:00,,,6:30,7:30,1:00,7:30,,,,,,,,,,,,,,,,,,違反テスト: 時間有休
9999013,時間有休十郎,13D99999,一般,2026-01-09,金,平日,"時間有休,900-1730/1200-1300/7.75/5",2026-01-09 09:00,,2026-01-09 17:30,2026-01-09 09:00,2026-01-09 17:30,,,,,,,,,,,,,,,,2026-01-09 14:00,2026-01-09 15:00,,,,,,,1:00,,,6:30,7:30,1:00,7:30,,,,,,,,,,,,,,,,,,違反テスト: 時間有休
9999013,時間有休十郎,13D99999,一般,2026-01-10,土,法定外,,,,,,,,,,,,,,,,,,,,,,,,,,,,,,,,,,,,,,,,,,,,,,,,,,,,,,
9999013,時間有休十郎,13D99999,一般,2026-01-11,日,法定外,,,,,,,,,,,,,,,,,,,,,,,,,,,,,,,,,,,,,,,,,,,,,,,,,,,,,,
9999013,時間有休十郎,13D99999,一般,2026-01-12,月,法定外,,,,,,,,,,,,,,,,,,,,,,,,,,,,,,,,,,,,,,,,,,,,,,,,,,,,,,
9999013,時間有休十郎,13D99999,一般,2026-01-13,火,平日,,,,,,,,,,,,,,,,,,,,,,,,,,,,,,,,,,,,,,,,,,,,,,,,,,,,,,
9999013,時間有休十郎,13D99999,一般,2026-01-14,水,平日,,,,,,,,,,,,,,,,,,,,,,,,,,,,,,,,,,,,,,,,,,,,,,,,,,,,,,
9999013,時間有休十郎,13D99999,一般,2026-01-15,木,平日,,,,,,,,,,,,,,,,,,,,,,,,,,,,,,,,,,,,,,,,,,,,,,,,,,,,,,
9999013,時間有休十郎,13D99999,一般,2026-01-16,金,平日,,,,,,,,,,,,,,,,,,,,,,,,,,,,,,,,,,,,,,,,,,,,,,,,,,,,,,
9999013,時間有休十郎,13D99999,一般,2026-01-17,土,法定外,,,,,,,,,,,,,,,,,,,,,,,,,,,,,,,,,,,,,,,,,,,,,,,,,,,,,,
9999013,時間有休十郎,13D99999,一般,2026-01-18,日,法定外,,,,,,,,,,,,,,,,,,,,,,,,,,,,,,,,,,,,,,,,,,,,,,,,,,,,,,
9999013,時間有休十郎,13D99999,一般,2026-01-19,月,平日,,,,,,,,,,,,,,,,,,,,,,,,,,,,,,,,,,,,,,,,,,,,,,,,,,,,,,
9999013,時間有休十郎,13D99999,一般,2026-01-20,火,平日,,,,,,,,,,,,,,,,,,,,,,,,,,,,,,,,,,,,,,,,,,,,,,,,,,,,,,
9999013,時間有休十郎,13D99999,一般,2026-01-21,水,平日,,,,,,,,,,,,,,,,,,,,,,,,,,,,,,,,,,,,,,,,,,,,,,,,,,,,,,
9999013,時間有休十郎,13D99999,一般,2026-01-22,木,平日,,,,,,,,,,,,,,,,,,,,,,,,,,,,,,,,,,,,,,,,,,,,,,,,,,,,,,
9999013,時間有休十郎,13D99999,一般,2026-01-23,金,平日,,,,,,,,,,,,,,,,,,,,,,,,,,,,,,,,,,,,,,,,,,,,,,,,,,,,,,
9999013,時間有休十郎,13D99999,一般,2026-01-24,土,法定外,,,,,,,,,,,,,,,,,,,,,,,,,,,,,,,,,,,,,,,,,,,,,,,,,,,,,,
9999013,時間有休十郎,13D99999,一般,2026-01-25,日,法定外,,,,,,,,,,,,,,,,,,,,,,,,,,,,,,,,,,,,,,,,,,,,,,,,,,,,,,
9999013,時間有休十郎,13D99999,一般,2026-01-26,月,平日,,,,,,,,,,,,,,,,,,,,,,,,,,,,,,,,,,,,,,,,,,,,,,,,,,,,,,
9999013,時間有休十郎,13D99999,一般,2026-01-27,火,平日,,,,,,,,,,,,,,,,,,,,,,,,,,,,,,,,,,,,,,,,,,,,,,,,,,,,,,
9999013,時間有休十郎,13D99999,一般,2026-01-28,水,平日,,,,,,,,,,,,,,,,,,,,,,,,,,,,,,,,,,,,,,,,,,,,,,,,,,,,,,
9999013,時間有休十郎,13D99999,一般,2026-01-29,木,平日,,,,,,,,,,,,,,,,,,,,,,,,,,,,,,,,,,,,,,,,,,,,,,,,,,,,,,
9999013,時間有休十郎,13D99999,一般,2026-01-30,金,平日,,,,,,,,,,,,,,,,,,,,,,,,,,,,,,,,,,,,,,,,,,,,,,,,,,,,,,
9999013,時間有休十郎,13D99999,一般,2026-01-31,土,法定外,,,,,,,,,,,,,,,,,,,,,,,,,,,,,,,,,,,,,,,,,,,,,,,,,,,,,,
9999014,AltX残業十一郎,13D99999,一般,2026-01-01,木,法定外,,,,,,,,,,,,,,,,,,,,,,,,,,,,,,,,,,,,,,,,,,,,,,,,,,,,,,
9999014,AltX残業十一郎,13D99999,一般,2026-01-02,金,法定外,,,,,,,,,,,,,,,,,,,,,,,,,,,,,,,,,,,,,,,,,,,,,,,,,,,,,,
9999014,AltX残業十一郎,13D99999,一般,2026-01-03,土,法定外,,,,,,,,,,,,,,,,,,,,,,,,,,,,,,,,,,,,,,,,,,,,,,,,,,,,,,
9999014,AltX残業十一郎,13D99999,一般,2026-01-04,日,法定外,,,,,,,,,,,,,,,,,,,,,,,,,,,,,,,,,,,,,,,,,,,,,,,,,,,,,,
9999014,AltX残業十一郎,13D99999,一般,2026-01-05,月,平日,"残業終了,900-1730/1200-1300/7.75/5",2026-01-05 09:00,,2026-01-05 17:30,2026-01-05 09:00,2026-01-05 17:30,,,,2026-01-05 18:00,2026-01-05 20:00,,,,,,,,,,,,,,,,,,,1:00,,,9:30,9:30,,7:30,,2:00,,,,,,,,,,,,,,,,違反テスト: AltX残業
9999014,AltX残業十一郎,13D99999,一般,2026-01-06,火,平日,"残業終了,900-1730/1200-1300/7.75/5",2026-01-06 09:00,,2026-01-06 17:30,2026-01-06 09:00,2026-01-06 17:30,,,,2026-01-06 18:00,2026-01-06 20:00,,,,,,,,,,,,,,,,,,,1:00,,,9:30,9:30,,7:30,,2:00,,,,,,,,,,,,,,,,違反テスト: AltX残業
9999014,AltX残業十一郎,13D99999,一般,2026-01-07,水,平日,"残業終了,900-1730/1200-1300/7.75/5",2026-01-07 09:00,,2026-01-07 17:30,2026-01-07 09:00,2026-01-07 17:30,,,,2026-01-07 18:00,2026-01-07 20:00,,,,,,,,,,,,,,,,,,,1:00,,,9:30,9:30,,7:30,,2:00,,,,,,,,,,,,,,,,違反テスト: AltX残業
9999014,AltX残業十一郎,13D99999,一般,2026-01-08,木,平日,"残業終了,900-1730/1200-1300/7.75/5",2026-01-08 09:00,,2026-01-08 17:30,2026-01-08 09:00,2026-01-08 17:30,,,,2026-01-08 18:00,2026-01-08 20:00,,,,,,,,,,,,,,,,,,,1:00,,,9:30,9:30,,7:30,,2:00,,,,,,,,,,,,,,,,違反テスト: AltX残業
9999014,AltX残業十一郎,13D99999,一般,2026-01-09,金,平日,"残業終了,900-1730/1200-1300/7.75/5",2026-01-09 09:00,,2026-01-09 17:30,2026-01-09 09:00,2026-01-09 17:30,,,,2026-01-09 18:00,2026-01-09 20:00,,,,,,,,,,,,,,,,,,,1:00,,,9:30,9:30,,7:30,,2:00,,,,,,,,,,,,,,,,違反テスト: AltX残業
9999014,AltX残業十一郎,13D99999,一般,2026-01-10,土,法定外,,,,,,,,,,,,,,,,,,,,,,,,,,,,,,,,,,,,,,,,,,,,,,,,,,,,,,
9999014,AltX残業十一郎,13D99999,一般,2026-01-11,日,法定外,,,,,,,,,,,,,,,,,,,,,,,,,,,,,,,,,,,,,,,,,,,,,,,,,,,,,,
9999014,AltX残業十一郎,13D99999,一般,2026-01-12,月,法定外,,,,,,,,,,,,,,,,,,,,,,,,,,,,,,,,,,,,,,,,,,,,,,,,,,,,,,
9999014,AltX残業十一郎,13D99999,一般,2026-01-13,火,平日,,,,,,,,,,,,,,,,,,,,,,,,,,,,,,,,,,,,,,,,,,,,,,,,,,,,,,
9999014,AltX残業十一郎,13D99999,一般,2026-01-14,水,平日,,,,,,,,,,,,,,,,,,,,,,,,,,,,,,,,,,,,,,,,,,,,,,,,,,,,,,
9999014,AltX残業十一郎,13D99999,一般,2026-01-15,木,平日,,,,,,,,,,,,,,,,,,,,,,,,,,,,,,,,,,,,,,,,,,,,,,,,,,,,,,
9999014,AltX残業十一郎,13D99999,一般,2026-01-16,金,平日,,,,,,,,,,,,,,,,,,,,,,,,,,,,,,,,,,,,,,,,,,,,,,,,,,,,,,
9999014,AltX残業十一郎,13D99999,一般,2026-01-17,土,法定外,,,,,,,,,,,,,,,,,,,,,,,,,,,,,,,,,,,,,,,,,,,,,,,,,,,,,,
9999014,AltX残業十一郎,13D99999,一般,2026-01-18,日,法定外,,,,,,,,,,,,,,,,,,,,,,,,,,,,,,,,,,,,,,,,,,,,,,,,,,,,,,
9999014,AltX残業十一郎,13D99999,一般,2026-01-19,月,平日,,,,,,,,,,,,,,,,,,,,,,,,,,,,,,,,,,,,,,,,,,,,,,,,,,,,,,
9999014,AltX残業十一郎,13D99999,一般,2026-01-20,火,平日,,,,,,,,,,,,,,,,,,,,,,,,,,,,,,,,,,,,,,,,,,,,,,,,,,,,,,
9999014,AltX残業十一郎,13D99999,一般,2026-01-21,水,平日,,,,,,,,,,,,,,,,,,,,,,,,,,,,,,,,,,,,,,,,,,,,,,,,,,,,,,
9999014,AltX残業十一郎,13D99999,一般,2026-01-22,木,平日,,,,,,,,,,,,,,,,,,,,,,,,,,,,,,,,,,,,,,,,,,,,,,,,,,,,,,
9999014,AltX残業十一郎,13D99999,一般,2026-01-23,金,平日,,,,,,,,,,,,,,,,,,,,,,,,,,,,,,,,,,,,,,,,,,,,,,,,,,,,,,
9999014,AltX残業十一郎,13D99999,一般,2026-01-24,土,法定外,,,,,,,,,,,,,,,,,,,,,,,,,,,,,,,,,,,,,,,,,,,,,,,,,,,,,,
9999014,AltX残業十一郎,13D99999,一般,2026-01-25,日,法定外,,,,,,,,,,,,,,,,,,,,,,,,,,,,,,,,,,,,,,,,,,,,,,,,,,,,,,
9999014,AltX残業十一郎,13D99999,一般,2026-01-26,月,平日,,,,,,,,,,,,,,,,,,,,,,,,,,,,,,,,,,,,,,,,,,,,,,,,,,,,,,
9999014,AltX残業十一郎,13D99999,一般,2026-01-27,火,平日,,,,,,,,,,,,,,,,,,,,,,,,,,,,,,,,,,,,,,,,,,,,,,,,,,,,,,
9999014,AltX残業十一郎,13D99999,一般,2026-01-28,水,平日,,,,,,,,,,,,,,,,,,,,,,,,,,,,,,,,,,,,,,,,,,,,,,,,,,,,,,
9999014,AltX残業十一郎,13D99999,一般,2026-01-29,木,平日,,,,,,,,,,,,,,,,,,,,,,,,,,,,,,,,,,,,,,,,,,,,,,,,,,,,,,
9999014,AltX残業十一郎,13D99999,一般,2026-01-30,金,平日,,,,,,,,,,,,,,,,,,,,,,,,,,,,,,,,,,,,,,,,,,,,,,,,,,,,,,
9999014,AltX残業十一郎,13D99999,一般,2026-01-31,土,法定外,,,,,,,,,,,,,,,,,,,,,,,,,,,,,,,,,,,,,,,,,,,,,,,,,,,,,,
9999015,遅刻早退十二郎,13D99999,一般,2026-01-01,木,法定外,,,,,,,,,,,,,,,,,,,,,,,,,,,,,,,,,,,,,,,,,,,,,,,,,,,,,,
9999015,遅刻早退十二郎,13D99999,一般,2026-01-02,金,法定外,,,,,,,,,,,,,,,,,,,,,,,,,,,,,,,,,,,,,,,,,,,,,,,,,,,,,,
9999015,遅刻早退十二郎,13D99999,一般,2026-01-03,土,法定外,,,,,,,,,,,,,,,,,,,,,,,,,,,,,,,,,,,,,,,,,,,,,,,,,,,,,,
9999015,遅刻早退十二郎,13D99999,一般,2026-01-04,日,法定外,,,,,,,,,,,,,,,,,,,,,,,,,,,,,,,,,,,,,,,,,,,,,,,,,,,,,,
9999015,遅刻早退十二郎,13D99999,一般,2026-01-05,月,平日,"残業終了,900-1730/1200-1300/7.75/5",2026-01-05 09:30,,2026-01-05 17:00,2026-01-05 09:30,2026-01-05 17:00,,,,,,,,,,,,,,,,,,,,,,,,1:00,,,6:30,6:30,,6:30,,,,,,,0:30,0:30,,,,,,,,,,違反テスト: 遅刻早退
9999015,遅刻早退十二郎,13D99999,一般,2026-01-06,火,平日,"残業終了,900-1730/1200-1300/7.75/5",2026-01-06 09:30,,2026-01-06 17:00,2026-01-06 09:30,2026-01-06 17:00,,,,,,,,,,,,,,,,,,,,,,,,1:00,,,6:30,6:30,,6:30,,,,,,,0:30,0:30,,,,,,,,,,違反テスト: 遅刻早退
9999015,遅刻早退十二郎,13D99999,一般,2026-01-07,水,平日,"残業終了,900-1730/1200-1300/7.75/5",2026-01-07 09:30,,2026-01-07 17:00,2026-01-07 09:30,2026-01-07 17:00,,,,,,,,,,,,,,,,,,,,,,,,1:00,,,6:30,6:30,,6:30,,,,,,,0:30,0:30,,,,,,,,,,違反テスト: 遅刻早退
9999015,遅刻早退十二郎,13D99999,一般,2026-01-08,木,平日,"残業終了,900-1730/1200-1300/7.75/5",2026-01-08 09:30,,2026-01-08 17:00,2026-01-08 09:30,2026-01-08 17:00,,,,,,,,,,,,,,,,,,,,,,,,1:00,,,6:30,6:30,,6:30,,,,,,,0:30,0:30,,,,,,,,,,違反テスト: 遅刻早退
9999015,遅刻早退十二郎,13D99999,一般,2026-01-09,金,平日,"残業終了,900-1730/1200-1300/7.75/5",2026-01-09 09:30,,2026-01-09 17:00,2026-01-09 09:30,2026-01-09 17:00,,,,,,,,,,,,,,,,,,,,,,,,1:00,,,6:30,6:30,,6:30,,,,,,,0:30,0:30,,,,,,,,,,違反テスト: 遅刻早退
9999015,遅刻早退十二郎,13D99999,一般,2026-01-10,土,法定外,,,,,,,,,,,,,,,,,,,,,,,,,,,,,,,,,,,,,,,,,,,,,,,,,,,,,,
9999015,遅刻早退十二郎,13D99999,一般,2026-01-11,日,法定外,,,,,,,,,,,,,,,,,,,,,,,,,,,,,,,,,,,,,,,,,,,,,,,,,,,,,,
9999015,遅刻早退十二郎,13D99999,一般,2026-01-12,月,法定外,,,,,,,,,,,,,,,,,,,,,,,,,,,,,,,,,,,,,,,,,,,,,,,,,,,,,,
9999015,遅刻早退十二郎,13D99999,一般,2026-01-13,火,平日,,,,,,,,,,,,,,,,,,,,,,,,,,,,,,,,,,,,,,,,,,,,,,,,,,,,,,
9999015,遅刻早退十二郎,13D99999,一般,2026-01-14,水,平日,,,,,,,,,,,,,,,,,,,,,,,,,,,,,,,,,,,,,,,,,,,,,,,,,,,,,,
9999015,遅刻早退十二郎,13D99999,一般,2026-01-15,木,平日,,,,,,,,,,,,,,,,,,,,,,,,,,,,,,,,,,,,,,,,,,,,,,,,,,,,,,
9999015,遅刻早退十二郎,13D99999,一般,2026-01-16,金,平日,,,,,,,,,,,,,,,,,,,,,,,,,,,,,,,,,,,,,,,,,,,,,,,,,,,,,,
9999015,遅刻早退十二郎,13D99999,一般,2026-01-17,土,法定外,,,,,,,,,,,,,,,,,,,,,,,,,,,,,,,,,,,,,,,,,,,,,,,,,,,,,,
9999015,遅刻早退十二郎,13D99999,一般,2026-01-18,日,法定外,,,,,,,,,,,,,,,,,,,,,,,,,,,,,,,,,,,,,,,,,,,,,,,,,,,,,,
9999015,遅刻早退十二郎,13D99999,一般,2026-01-19,月,平日,,,,,,,,,,,,,,,,,,,,,,,,,,,,,,,,,,,,,,,,,,,,,,,,,,,,,,
9999015,遅刻早退十二郎,13D99999,一般,2026-01-20,火,平日,,,,,,,,,,,,,,,,,,,,,,,,,,,,,,,,,,,,,,,,,,,,,,,,,,,,,,
9999015,遅刻早退十二郎,13D99999,一般,2026-01-21,水,平日,,,,,,,,,,,,,,,,,,,,,,,,,,,,,,,,,,,,,,,,,,,,,,,,,,,,,,
9999015,遅刻早退十二郎,13D99999,一般,2026-01-22,木,平日,,,,,,,,,,,,,,,,,,,,,,,,,,,,,,,,,,,,,,,,,,,,,,,,,,,,,,
9999015,遅刻早退十二郎,13D99999,一般,2026-01-23,金,平日,,,,,,,,,,,,,,,,,,,,,,,,,,,,,,,,,,,,,,,,,,,,,,,,,,,,,,
9999015,遅刻早退十二郎,13D99999,一般,2026-01-24,土,法定外,,,,,,,,,,,,,,,,,,,,,,,,,,,,,,,,,,,,,,,,,,,,,,,,,,,,,,
9999015,遅刻早退十二郎,13D99999,一般,2026-01-25,日,法定外,,,,,,,,,,,,,,,,,,,,,,,,,,,,,,,,,,,,,,,,,,,,,,,,,,,,,,
9999015,遅刻早退十二郎,13D99999,一般,2026-01-26,月,平日,,,,,,,,,,,,,,,,,,,,,,,,,,,,,,,,,,,,,,,,,,,,,,,,,,,,,,
9999015,遅刻早退十二郎,13D99999,一般,2026-01-27,火,平日,,,,,,,,,,,,,,,,,,,,,,,,,,,,,,,,,,,,,,,,,,,,,,,,,,,,,,
9999015,遅刻早退十二郎,13D99999,一般,2026-01-28,水,平日,,,,,,,,,,,,,,,,,,,,,,,,,,,,,,,,,,,,,,,,,,,,,,,,,,,,,,
9999015,遅刻早退十二郎,13D99999,一般,2026-01-29,木,平日,,,,,,,,,,,,,,,,,,,,,,,,,,,,,,,,,,,,,,,,,,,,,,,,,,,,,,
9999015,遅刻早退十二郎,13D99999,一般,2026-01-30,金,平日,,,,,,,,,,,,,,,,,,,,,,,,,,,,,,,,,,,,,,,,,,,,,,,,,,,,,,
9999015,遅刻早退十二郎,13D99999,一般,2026-01-31,土,法定外,,,,,,,,,,,,,,,,,,,,,,,,,,,,,,,,,,,,,,,,,,,,,,,,,,,,,,
9999016,長時間残業十三郎,13D99999,一般,2026-01-01,木,法定外,,,,,,,,,,,,,,,,,,,,,,,,,,,,,,,,,,,,,,,,,,,,,,,,,,,,,,
9999016,長時間残業十三郎,13D99999,一般,2026-01-02,金,法定外,,,,,,,,,,,,,,,,,,,,,,,,,,,,,,,,,,,,,,,,,,,,,,,,,,,,,,
9999016,長時間残業十三郎,13D99999,一般,2026-01-03,土,法定外,,,,,,,,,,,,,,,,,,,,,,,,,,,,,,,,,,,,,,,,,,,,,,,,,,,,,,
9999016,長時間残業十三郎,13D99999,一般,2026-01-04,日,法定外,,,,,,,,,,,,,,,,,,,,,,,,,,,,,,,,,,,,,,,,,,,,,,,,,,,,,,
9999016,長時間残業十三郎,13D99999,一般,2026-01-05,月,平日,"残業終了,900-1730/1200-1300/7.75/5",2026-01-05 09:00,,2026-01-05 22:30,2026-01-05 09:00,2026-01-05 22:30,,,,,,,,,,,,,,,,,,,,,,,,1:00,,,12:30,12:30,,7:30,,5:00,,,,,,,,,,,,,,5:00,,違反テスト: 長時間残業
9999016,長時間残業十三郎,13D99999,一般,2026-01-06,火,平日,"残業終了,900-1730/1200-1300/7.75/5",2026-01-06 09:00,,2026-01-06 22:30,2026-01-06 09:00,2026-01-06 22:30,,,,,,,,,,,,,,,,,,,,,,,,1:00,,,12:30,12:30,,7:30,,5:00,,,,,,,,,,,,,,5:00,,違反テスト: 長時間残業
9999016,長時間残業十三郎,13D99999,一般,2026-01-07,水,平日,"残業終了,900-1730/1200-1300/7.75/5",2026-01-07 09:00,,2026-01-07 22:30,2026-01-07 09:00,2026-01-07 22:30,,,,,,,,,,,,,,,,,,,,,,,,1:00,,,12:30,12:30,,7:30,,5:00,,,,,,,,,,,,,,5:00,,違反テスト: 長時間残業
9999016,長時間残業十三郎,13D99999,一般,2026-01-08,木,平日,"残業終了,900-1730/1200-1300/7.75/5",2026-01-08 09:00,,2026-01-08 22:30,2026-01-08 09:00,2026-01-08 22:30,,,,,,,,,,,,,,,,,,,,,,,,1:00,,,12:30,12:30,,7:30,,5:00,,,,,,,,,,,,,,5:00,,違反テスト: 長時間残業
9999016,長時間残業十三郎,13D99999,一般,2026-01-09,金,平日,"残業終了,900-1730/1200-1300/7.75/5",2026-01-09 09:00,,2026-01-09 22:30,2026-01-09 09:00,2026-01-09 22:30,,,,,,,,,,,,,,,,,,,,,,,,1:00,,,12:30,12:30,,7:30,,5:00,,,,,,,,,,,,,,5:00,,違反テスト: 長時間残業
9999016,長時間残業十三郎,13D99999,一般,2026-01-10,土,法定外,,,,,,,,,,,,,,,,,,,,,,,,,,,,,,,,,,,,,,,,,,,,,,,,,,,,,,
9999016,長時間残業十三郎,13D99999,一般,2026-01-11,日,法定外,,,,,,,,,,,,,,,,,,,,,,,,,,,,,,,,,,,,,,,,,,,,,,,,,,,,,,
9999016,長時間残業十三郎,13D99999,一般,2026-01-12,月,法定外,,,,,,,,,,,,,,,,,,,,,,,,,,,,,,,,,,,,,,,,,,,,,,,,,,,,,,
9999016,長時間残業十三郎,13D99999,一般,2026-01-13,火,平日,,,,,,,,,,,,,,,,,,,,,,,,,,,,,,,,,,,,,,,,,,,,,,,,,,,,,,
9999016,長時間残業十三郎,13D99999,一般,2026-01-14,水,平日,,,,,,,,,,,,,,,,,,,,,,,,,,,,,,,,,,,,,,,,,,,,,,,,,,,,,,
9999016,長時間残業十三郎,13D99999,一般,2026-01-15,木,平日,,,,,,,,,,,,,,,,,,,,,,,,,,,,,,,,,,,,,,,,,,,,,,,,,,,,,,
9999016,長時間残業十三郎,13D99999,一般,2026-01-16,金,平日,,,,,,,,,,,,,,,,,,,,,,,,,,,,,,,,,,,,,,,,,,,,,,,,,,,,,,
9999016,長時間残業十三郎,13D99999,一般,2026-01-17,土,法定外,,,,,,,,,,,,,,,,,,,,,,,,,,,,,,,,,,,,,,,,,,,,,,,,,,,,,,
9999016,長時間残業十三郎,13D99999,一般,2026-01-18,日,法定外,,,,,,,,,,,,,,,,,,,,,,,,,,,,,,,,,,,,,,,,,,,,,,,,,,,,,,
9999016,長時間残業十三郎,13D99999,一般,2026-01-19,月,平日,,,,,,,,,,,,,,,,,,,,,,,,,,,,,,,,,,,,,,,,,,,,,,,,,,,,,,
9999016,長時間残業十三郎,13D99999,一般,2026-01-20,火,平日,,,,,,,,,,,,,,,,,,,,,,,,,,,,,,,,,,,,,,,,,,,,,,,,,,,,,,
9999016,長時間残業十三郎,13D99999,一般,2026-01-21,水,平日,,,,,,,,,,,,,,,,,,,,,,,,,,,,,,,,,,,,,,,,,,,,,,,,,,,,,,
9999016,長時間残業十三郎,13D99999,一般,2026-01-22,木,平日,,,,,,,,,,,,,,,,,,,,,,,,,,,,,,,,,,,,,,,,,,,,,,,,,,,,,,
9999016,長時間残業十三郎,13D99999,一般,2026-01-23,金,平日,,,,,,,,,,,,,,,,,,,,,,,,,,,,,,,,,,,,,,,,,,,,,,,,,,,,,,
9999016,長時間残業十三郎,13D99999,一般,2026-01-24,土,法定外,,,,,,,,,,,,,,,,,,,,,,,,,,,,,,,,,,,,,,,,,,,,,,,,,,,,,,
9999016,長時間残業十三郎,13D99999,一般,2026-01-25,日,法定外,,,,,,,,,,,,,,,,,,,,,,,,,,,,,,,,,,,,,,,,,,,,,,,,,,,,,,
9999016,長時間残業十三郎,13D99999,一般,2026-01-26,月,平日,,,,,,,,,,,,,,,,,,,,,,,,,,,,,,,,,,,,,,,,,,,,,,,,,,,,,,
9999016,長時間残業十三郎,13D99999,一般,2026-01-27,火,平日,,,,,,,,,,,,,,,,,,,,,,,,,,,,,,,,,,,,,,,,,,,,,,,,,,,,,,
9999016,長時間残業十三郎,13D99999,一般,2026-01-28,水,平日,,,,,,,,,,,,,,,,,,,,,,,,,,,,,,,,,,,,,,,,,,,,,,,,,,,,,,
9999016,長時間残業十三郎,13D99999,一般,2026-01-29,木,平日,,,,,,,,,,,,,,,,,,,,,,,,,,,,,,,,,,,,,,,,,,,,,,,,,,,,,,
9999016,長時間残業十三郎,13D99999,一般,2026-01-30,金,平日,,,,,,,,,,,,,,,,,,,,,,,,,,,,,,,,,,,,,,,,,,,,,,,,,,,,,,
9999016,長時間残業十三郎,13D99999,一般,2026-01-31,土,法定外,,,,,,,,,,,,,,,,,,,,,,,,,,,,,,,,,,,,,,,,,,,,,,,,,,,,,,
9999017,完全未入力十四郎,13D99999,一般,2026-01-01,木,法定外,,,,,,,,,,,,,,,,,,,,,,,,,,,,,,,,,,,,,,,,,,,,,,,,,,,,,,
9999017,完全未入力十四郎,13D99999,一般,2026-01-02,金,法定外,,,,,,,,,,,,,,,,,,,,,,,,,,,,,,,,,,,,,,,,,,,,,,,,,,,,,,
9999017,完全未入力十四郎,13D99999,一般,2026-01-03,土,法定外,,,,,,,,,,,,,,,,,,,,,,,,,,,,,,,,,,,,,,,,,,,,,,,,,,,,,,
9999017,完全未入力十四郎,13D99999,一般,2026-01-04,日,法定外,,,,,,,,,,,,,,,,,,,,,,,,,,,,,,,,,,,,,,,,,,,,,,,,,,,,,,
9999017,完全未入力十四郎,13D99999,一般,2026-01-05,月,平日,,,,,,,,,,,,,,,,,,,,,,,,,,,,,,,,,,,,,,,,,,,,,,,,,,,,,,違反テスト: 完全未入力
9999017,完全未入力十四郎,13D99999,一般,2026-01-06,火,平日,,,,,,,,,,,,,,,,,,,,,,,,,,,,,,,,,,,,,,,,,,,,,,,,,,,,,,違反テスト: 完全未入力
9999017,完全未入力十四郎,13D99999,一般,2026-01-07,水,平日,,,,,,,,,,,,,,,,,,,,,,,,,,,,,,,,,,,,,,,,,,,,,,,,,,,,,,違反テスト: 完全未入力
9999017,完全未入力十四郎,13D99999,一般,2026-01-08,木,平日,,,,,,,,,,,,,,,,,,,,,,,,,,,,,,,,,,,,,,,,,,,,,,,,,,,,,,違反テスト: 完全未入力
9999017,完全未入力十四郎,13D99999,一般,2026-01-09,金,平日,,,,,,,,,,,,,,,,,,,,,,,,,,,,,,,,,,,,,,,,,,,,,,,,,,,,,,違反テスト: 完全未入力
9999017,完全未入力十四郎,13D99999,一般,2026-01-10,土,法定外,,,,,,,,,,,,,,,,,,,,,,,,,,,,,,,,,,,,,,,,,,,,,,,,,,,,,,
9999017,完全未入力十四郎,13D99999,一般,2026-01-11,日,法定外,,,,,,,,,,,,,,,,,,,,,,,,,,,,,,,,,,,,,,,,,,,,,,,,,,,,,,
9999017,完全未入力十四郎,13D99999,一般,2026-01-12,月,法定外,,,,,,,,,,,,,,,,,,,,,,,,,,,,,,,,,,,,,,,,,,,,,,,,,,,,,,
9999017,完全未入力十四郎,13D99999,一般,2026-01-13,火,平日,,,,,,,,,,,,,,,,,,,,,,,,,,,,,,,,,,,,,,,,,,,,,,,,,,,,,,
9999017,完全未入力十四郎,13D99999,一般,2026-01-14,水,平日,,,,,,,,,,,,,,,,,,,,,,,,,,,,,,,,,,,,,,,,,,,,,,,,,,,,,,
9999017,完全未入力十四郎,13D99999,一般,2026-01-15,木,平日,,,,,,,,,,,,,,,,,,,,,,,,,,,,,,,,,,,,,,,,,,,,,,,,,,,,,,
9999017,完全未入力十四郎,13D99999,一般,2026-01-16,金,平日,,,,,,,,,,,,,,,,,,,,,,,,,,,,,,,,,,,,,,,,,,,,,,,,,,,,,,
9999017,完全未入力十四郎,13D99999,一般,2026-01-17,土,法定外,,,,,,,,,,,,,,,,,,,,,,,,,,,,,,,,,,,,,,,,,,,,,,,,,,,,,,
9999017,完全未入力十四郎,13D99999,一般,2026-01-18,日,法定外,,,,,,,,,,,,,,,,,,,,,,,,,,,,,,,,,,,,,,,,,,,,,,,,,,,,,,
9999017,完全未入力十四郎,13D99999,一般,2026-01-19,月,平日,,,,,,,,,,,,,,,,,,,,,,,,,,,,,,,,,,,,,,,,,,,,,,,,,,,,,,
9999017,完全未入力十四郎,13D99999,一般,2026-01-20,火,平日,,,,,,,,,,,,,,,,,,,,,,,,,,,,,,,,,,,,,,,,,,,,,,,,,,,,,,
9999017,完全未入力十四郎,13D99999,一般,2026-01-21,水,平日,,,,,,,,,,,,,,,,,,,,,,,,,,,,,,,,,,,,,,,,,,,,,,,,,,,,,,
9999017,完全未入力十四郎,13D99999,一般,2026-01-22,木,平日,,,,,,,,,,,,,,,,,,,,,,,,,,,,,,,,,,,,,,,,,,,,,,,,,,,,,,
9999017,完全未入力十四郎,13D99999,一般,2026-01-23,金,平日,,,,,,,,,,,,,,,,,,,,,,,,,,,,,,,,,,,,,,,,,,,,,,,,,,,,,,
9999017,完全未入力十四郎,13D99999,一般,2026-01-24,土,法定外,,,,,,,,,,,,,,,,,,,,,,,,,,,,,,,,,,,,,,,,,,,,,,,,,,,,,,
9999017,完全未入力十四郎,13D99999,一般,2026-01-25,日,法定外,,,,,,,,,,,,,,,,,,,,,,,,,,,,,,,,,,,,,,,,,,,,,,,,,,,,,,
9999017,完全未入力十四郎,13D99999,一般,2026-01-26,月,平日,,,,,,,,,,,,,,,,,,,,,,,,,,,,,,,,,,,,,,,,,,,,,,,,,,,,,,
9999017,完全未入力十四郎,13D99999,一般,2026-01-27,火,平日,,,,,,,,,,,,,,,,,,,,,,,,,,,,,,,,,,,,,,,,,,,,,,,,,,,,,,
9999017,完全未入力十四郎,13D99999,一般,2026-01-28,水,平日,,,,,,,,,,,,,,,,,,,,,,,,,,,,,,,,,,,,,,,,,,,,,,,,,,,,,,
9999017,完全未入力十四郎,13D99999,一般,2026-01-29,木,平日,,,,,,,,,,,,,,,,,,,,,,,,,,,,,,,,,,,,,,,,,,,,,,,,,,,,,,
9999017,完全未入力十四郎,13D99999,一般,2026-01-30,金,平日,,,,,,,,,,,,,,,,,,,,,,,,,,,,,,,,,,,,,,,,,,,,,,,,,,,,,,
9999017,完全未入力十四郎,13D99999,一般,2026-01-31,土,法定外,,,,,,,,,,,,,,,,,,,,,,,,,,,,,,,,,,,,,,,,,,,,,,,,,,,,,,
9999018,申請のみ十五郎,13D99999,一般,2026-01-01,木,法定外,,,,,,,,,,,,,,,,,,,,,,,,,,,,,,,,,,,,,,,,,,,,,,,,,,,,,,
9999018,申請のみ十五郎,13D99999,一般,2026-01-02,金,法定外,,,,,,,,,,,,,,,,,,,,,,,,,,,,,,,,,,,,,,,,,,,,,,,,,,,,,,
9999018,申請のみ十五郎,13D99999,一般,2026-01-03,土,法定外,,,,,,,,,,,,,,,,,,,,,,,,,,,,,,,,,,,,,,,,,,,,,,,,,,,,,,
9999018,申請のみ十五郎,13D99999,一般,2026-01-04,日,法定外,,,,,,,,,,,,,,,,,,,,,,,,,,,,,,,,,,,,,,,,,,,,,,,,,,,,,,
9999018,申請のみ十五郎,13D99999,一般,2026-01-05,月,平日,"残業終了,900-1730/1200-1300/7.75/5",,,,,,,,,,,,,,,,,,,,,,,,,,,,,,,,,,,,,,,,,,,,,,,,,,,,,違反テスト: 申請のみ
9999018,申請のみ十五郎,13D99999,一般,2026-01-06,火,平日,"残業終了,900-1730/1200-1300/7.75/5",,,,,,,,,,,,,,,,,,,,,,,,,,,,,,,,,,,,,,,,,,,,,,,,,,,,,違反テスト: 申請のみ
9999018,申請のみ十五郎,13D99999,一般,2026-01-07,水,平日,"残業終了,900-1730/1200-1300/7.75/5",,,,,,,,,,,,,,,,,,,,,,,,,,,,,,,,,,,,,,,,,,,,,,,,,,,,,違反テスト: 申請のみ
9999018,申請のみ十五郎,13D99999,一般,2026-01-08,木,平日,"残業終了,900-1730/1200-1300/7.75/5",,,,,,,,,,,,,,,,,,,,,,,,,,,,,,,,,,,,,,,,,,,,,,,,,,,,,違反テスト: 申請のみ
9999018,申請のみ十五郎,13D99999,一般,2026-01-09,金,平日,"残業終了,900-1730/1200-1300/7.75/5",,,,,,,,,,,,,,,,,,,,,,,,,,,,,,,,,,,,,,,,,,,,,,,,,,,,,違反テスト: 申請のみ
9999018,申請のみ十五郎,13D99999,一般,2026-01-10,土,法定外,,,,,,,,,,,,,,,,,,,,,,,,,,,,,,,,,,,,,,,,,,,,,,,,,,,,,,
9999018,申請のみ十五郎,13D99999,一般,2026-01-11,日,法定外,,,,,,,,,,,,,,,,,,,,,,,,,,,,,,,,,,,,,,,,,,,,,,,,,,,,,,
9999018,申請のみ十五郎,13D99999,一般,2026-01-12,月,法定外,,,,,,,,,,,,,,,,,,,,,,,,,,,,,,,,,,,,,,,,,,,,,,,,,,,,,,
9999018,申請のみ十五郎,13D99999,一般,2026-01-13,火,平日,,,,,,,,,,,,,,,,,,,,,,,,,,,,,,,,,,,,,,,,,,,,,,,,,,,,,,
9999018,申請のみ十五郎,13D99999,一般,2026-01-14,水,平日,,,,,,,,,,,,,,,,,,,,,,,,,,,,,,,,,,,,,,,,,,,,,,,,,,,,,,
9999018,申請のみ十五郎,13D99999,一般,2026-01-15,木,平日,,,,,,,,,,,,,,,,,,,,,,,,,,,,,,,,,,,,,,,,,,,,,,,,,,,,,,
9999018,申請のみ十五郎,13D99999,一般,2026-01-16,金,平日,,,,,,,,,,,,,,,,,,,,,,,,,,,,,,,,,,,,,,,,,,,,,,,,,,,,,,
9999018,申請のみ十五郎,13D99999,一般,2026-01-17,土,法定外,,,,,,,,,,,,,,,,,,,,,,,,,,,,,,,,,,,,,,,,,,,,,,,,,,,,,,
9999018,申請のみ十五郎,13D99999,一般,2026-01-18,日,法定外,,,,,,,,,,,,,,,,,,,,,,,,,,,,,,,,,,,,,,,,,,,,,,,,,,,,,,
9999018,申請のみ十五郎,13D99999,一般,2026-01-19,月,平日,,,,,,,,,,,,,,,,,,,,,,,,,,,,,,,,,,,,,,,,,,,,,,,,,,,,,,
9999018,申請のみ十五郎,13D99999,一般,2026-01-20,火,平日,,,,,,,,,,,,,,,,,,,,,,,,,,,,,,,,,,,,,,,,,,,,,,,,,,,,,,
9999018,申請のみ十五郎,13D99999,一般,2026-01-21,水,平日,,,,,,,,,,,,,,,,,,,,,,,,,,,,,,,,,,,,,,,,,,,,,,,,,,,,,,
9999018,申請のみ十五郎,13D99999,一般,2026-01-22,木,平日,,,,,,,,,,,,,,,,,,,,,,,,,,,,,,,,,,,,,,,,,,,,,,,,,,,,,,
9999018,申請のみ十五郎,13D99999,一般,2026-01-23,金,平日,,,,,,,,,,,,,,,,,,,,,,,,,,,,,,,,,,,,,,,,,,,,,,,,,,,,,,
9999018,申請のみ十五郎,13D99999,一般,2026-01-24,土,法定外,,,,,,,,,,,,,,,,,,,,,,,,,,,,,,,,,,,,,,,,,,,,,,,,,,,,,,
9999018,申請のみ十五郎,13D99999,一般,2026-01-25,日,法定外,,,,,,,,,,,,,,,,,,,,,,,,,,,,,,,,,,,,,,,,,,,,,,,,,,,,,,
9999018,申請のみ十五郎,13D99999,一般,2026-01-26,月,平日,,,,,,,,,,,,,,,,,,,,,,,,,,,,,,,,,,,,,,,,,,,,,,,,,,,,,,
9999018,申請のみ十五郎,13D99999,一般,2026-01-27,火,平日,,,,,,,,,,,,,,,,,,,,,,,,,,,,,,,,,,,,,,,,,,,,,,,,,,,,,,
9999018,申請のみ十五郎,13D99999,一般,2026-01-28,水,平日,,,,,,,,,,,,,,,,,,,,,,,,,,,,,,,,,,,,,,,,,,,,,,,,,,,,,,
9999018,申請のみ十五郎,13D99999,一般,2026-01-29,木,平日,,,,,,,,,,,,,,,,,,,,,,,,,,,,,,,,,,,,,,,,,,,,,,,,,,,,,,
9999018,申請のみ十五郎,13D99999,一般,2026-01-30,金,平日,,,,,,,,,,,,,,,,,,,,,,,,,,,,,,,,,,,,,,,,,,,,,,,,,,,,,,
9999018,申請のみ十五郎,13D99999,一般,2026-01-31,土,法定外,,,,,,,,,,,,,,,,,,,,,,,,,,,,,,,,,,,,,,,,,,,,,,,,,,,,,,
9999101,協定35h 太郎,13D99999,一般,2026-01-01,木,法定外,,,,,,,,,,,,,,,,,,,,,,,,,,,,,,,,,,,,,,,,,,,,,,,,,,,,,,
9999101,協定35h 太郎,13D99999,一般,2026-01-02,金,法定外,,,,,,,,,,,,,,,,,,,,,,,,,,,,,,,,,,,,,,,,,,,,,,,,,,,,,,
9999101,協定35h 太郎,13D99999,一般,2026-01-03,土,法定外,,,,,,,,,,,,,,,,,,,,,,,,,,,,,,,,,,,,,,,,,,,,,,,,,,,,,,
9999101,協定35h 太郎,13D99999,一般,2026-01-04,日,法定外,,,,,,,,,,,,,,,,,,,,,,,,,,,,,,,,,,,,,,,,,,,,,,,,,,,,,,
9999101,協定35h 太郎,13D99999,一般,2026-01-05,月,平日,"残業終了,900-1730/1200-1300/7.75/5",2026-01-05 09:00,,2026-01-05 23:59,2026-01-05 09:00,2026-01-05 23:59,,,,,,,,,,,,,,,,,,,,,,,,1:00,,,14:30,14:30,,7:30,,7:00,,,,,,,,,,,,,,7:00,,36協定テスト: 目標35h
9999101,協定35h 太郎,13D99999,一般,2026-01-06,火,平日,"残業終了,900-1730/1200-1300/7.75/5",2026-01-06 09:00,,2026-01-06 23:59,2026-01-06 09:00,2026-01-06 23:59,,,,,,,,,,,,,,,,,,,,,,,,1:00,,,14:30,14:30,,7:30,,7:00,,,,,,,,,,,,,,14:00,,36協定テスト: 目標35h
9999101,協定35h 太郎,13D99999,一般,2026-01-07,水,平日,"残業終了,900-1730/1200-1300/7.75/5",2026-01-07 09:00,,2026-01-07 23:59,2026-01-07 09:00,2026-01-07 23:59,,,,,,,,,,,,,,,,,,,,,,,,1:00,,,14:30,14:30,,7:30,,7:00,,,,,,,,,,,,,,21:00,,36協定テスト: 目標35h
9999101,協定35h 太郎,13D99999,一般,2026-01-08,木,平日,"残業終了,900-1730/1200-1300/7.75/5",2026-01-08 09:00,,2026-01-08 23:59,2026-01-08 09:00,2026-01-08 23:59,,,,,,,,,,,,,,,,,,,,,,,,1:00,,,14:30,14:30,,7:30,,7:00,,,,,,,,,,,,,,28:00,,36協定テスト: 目標35h
9999101,協定35h 太郎,13D99999,一般,2026-01-09,金,平日,"残業終了,900-1730/1200-1300/7.75/5",2026-01-09 09:00,,2026-01-09 23:59,2026-01-09 09:00,2026-01-09 23:59,,,,,,,,,,,,,,,,,,,,,,,,1:00,,,14:30,14:30,,7:30,,7:00,,,,,,,,,,,,,,35:00,,36協定テスト: 目標35h
9999101,協定35h 太郎,13D99999,一般,2026-01-10,土,法定外,,,,,,,,,,,,,,,,,,,,,,,,,,,,,,,,,,,,,,,,,,,,,,,,,,,,,,
9999101,協定35h 太郎,13D99999,一般,2026-01-11,日,法定外,,,,,,,,,,,,,,,,,,,,,,,,,,,,,,,,,,,,,,,,,,,,,,,,,,,,,,
9999101,協定35h 太郎,13D99999,一般,2026-01-12,月,法定外,,,,,,,,,,,,,,,,,,,,,,,,,,,,,,,,,,,,,,,,,,,,,,,,,,,,,,
9999101,協定35h 太郎,13D99999,一般,2026-01-13,火,平日,,,,,,,,,,,,,,,,,,,,,,,,,,,,,,,,,,,,,,,,,,,,,,,,,,,,,,
9999101,協定35h 太郎,13D99999,一般,2026-01-14,水,平日,,,,,,,,,,,,,,,,,,,,,,,,,,,,,,,,,,,,,,,,,,,,,,,,,,,,,,
9999101,協定35h 太郎,13D99999,一般,2026-01-15,木,平日,,,,,,,,,,,,,,,,,,,,,,,,,,,,,,,,,,,,,,,,,,,,,,,,,,,,,,
9999101,協定35h 太郎,13D99999,一般,2026-01-16,金,平日,,,,,,,,,,,,,,,,,,,,,,,,,,,,,,,,,,,,,,,,,,,,,,,,,,,,,,
9999101,協定35h 太郎,13D99999,一般,2026-01-17,土,法定外,,,,,,,,,,,,,,,,,,,,,,,,,,,,,,,,,,,,,,,,,,,,,,,,,,,,,,
9999101,協定35h 太郎,13D99999,一般,2026-01-18,日,法定外,,,,,,,,,,,,,,,,,,,,,,,,,,,,,,,,,,,,,,,,,,,,,,,,,,,,,,
9999101,協定35h 太郎,13D99999,一般,2026-01-19,月,平日,,,,,,,,,,,,,,,,,,,,,,,,,,,,,,,,,,,,,,,,,,,,,,,,,,,,,,
9999101,協定35h 太郎,13D99999,一般,2026-01-20,火,平日,,,,,,,,,,,,,,,,,,,,,,,,,,,,,,,,,,,,,,,,,,,,,,,,,,,,,,
9999101,協定35h 太郎,13D99999,一般,2026-01-21,水,平日,,,,,,,,,,,,,,,,,,,,,,,,,,,,,,,,,,,,,,,,,,,,,,,,,,,,,,
9999101,協定35h 太郎,13D99999,一般,2026-01-22,木,平日,,,,,,,,,,,,,,,,,,,,,,,,,,,,,,,,,,,,,,,,,,,,,,,,,,,,,,
9999101,協定35h 太郎,13D99999,一般,2026-01-23,金,平日,,,,,,,,,,,,,,,,,,,,,,,,,,,,,,,,,,,,,,,,,,,,,,,,,,,,,,
9999101,協定35h 太郎,13D99999,一般,2026-01-24,土,法定外,,,,,,,,,,,,,,,,,,,,,,,,,,,,,,,,,,,,,,,,,,,,,,,,,,,,,,
9999101,協定35h 太郎,13D99999,一般,2026-01-25,日,法定外,,,,,,,,,,,,,,,,,,,,,,,,,,,,,,,,,,,,,,,,,,,,,,,,,,,,,,
9999101,協定35h 太郎,13D99999,一般,2026-01-26,月,平日,,,,,,,,,,,,,,,,,,,,,,,,,,,,,,,,,,,,,,,,,,,,,,,,,,,,,,
9999101,協定35h 太郎,13D99999,一般,2026-01-27,火,平日,,,,,,,,,,,,,,,,,,,,,,,,,,,,,,,,,,,,,,,,,,,,,,,,,,,,,,
9999101,協定35h 太郎,13D99999,一般,2026-01-28,水,平日,,,,,,,,,,,,,,,,,,,,,,,,,,,,,,,,,,,,,,,,,,,,,,,,,,,,,,
9999101,協定35h 太郎,13D99999,一般,2026-01-29,木,平日,,,,,,,,,,,,,,,,,,,,,,,,,,,,,,,,,,,,,,,,,,,,,,,,,,,,,,
9999101,協定35h 太郎,13D99999,一般,2026-01-30,金,平日,,,,,,,,,,,,,,,,,,,,,,,,,,,,,,,,,,,,,,,,,,,,,,,,,,,,,,
9999101,協定35h 太郎,13D99999,一般,2026-01-31,土,法定外,,,,,,,,,,,,,,,,,,,,,,,,,,,,,,,,,,,,,,,,,,,,,,,,,,,,,,
9999102,協定45h 次郎,13D99999,一般,2026-01-01,木,法定外,,,,,,,,,,,,,,,,,,,,,,,,,,,,,,,,,,,,,,,,,,,,,,,,,,,,,,
9999102,協定45h 次郎,13D99999,一般,2026-01-02,金,法定外,,,,,,,,,,,,,,,,,,,,,,,,,,,,,,,,,,,,,,,,,,,,,,,,,,,,,,
9999102,協定45h 次郎,13D99999,一般,2026-01-03,土,法定外,,,,,,,,,,,,,,,,,,,,,,,,,,,,,,,,,,,,,,,,,,,,,,,,,,,,,,
9999102,協定45h 次郎,13D99999,一般,2026-01-04,日,法定外,,,,,,,,,,,,,,,,,,,,,,,,,,,,,,,,,,,,,,,,,,,,,,,,,,,,,,
9999102,協定45h 次郎,13D99999,一般,2026-01-05,月,平日,"残業終了,900-1730/1200-1300/7.75/5",2026-01-05 09:00,,2026-01-05 23:59,2026-01-05 09:00,2026-01-05 23:59,,,,,,,,,,,,,,,,,,,,,,,,1:00,,,16:42,16:42,,7:30,,9:12,,,,,,,,,,,,,,9:12,,36協定テスト: 目標46h
9999102,協定45h 次郎,13D99999,一般,2026-01-06,火,平日,"残業終了,900-1730/1200-1300/7.75/5",2026-01-06 09:00,,2026-01-06 23:59,2026-01-06 09:00,2026-01-06 23:59,,,,,,,,,,,,,,,,,,,,,,,,1:00,,,16:42,16:42,,7:30,,9:12,,,,,,,,,,,,,,18:24,,36協定テスト: 目標46h
9999102,協定45h 次郎,13D99999,一般,2026-01-07,水,平日,"残業終了,900-1730/1200-1300/7.75/5",2026-01-07 09:00,,2026-01-07 23:59,2026-01-07 09:00,2026-01-07 23:59,,,,,,,,,,,,,,,,,,,,,,,,1:00,,,16:42,16:42,,7:30,,9:12,,,,,,,,,,,,,,27:36,,36協定テスト: 目標46h
9999102,協定45h 次郎,13D99999,一般,2026-01-08,木,平日,"残業終了,900-1730/1200-1300/7.75/5",2026-01-08 09:00,,2026-01-08 23:59,2026-01-08 09:00,2026-01-08 23:59,,,,,,,,,,,,,,,,,,,,,,,,1:00,,,16:42,16:42,,7:30,,9:12,,,,,,,,,,,,,,36:48,,36協定テスト: 目標46h
9999102,協定45h 次郎,13D99999,一般,2026-01-09,金,平日,"残業終了,900-1730/1200-1300/7.75/5",2026-01-09 09:00,,2026-01-09 23:59,2026-01-09 09:00,2026-01-09 23:59,,,,,,,,,,,,,,,,,,,,,,,,1:00,,,16:42,16:42,,7:30,,9:12,,,,,,,,,,,,,,46:00,,36協定テスト: 目標46h
9999102,協定45h 次郎,13D99999,一般,2026-01-10,土,法定外,,,,,,,,,,,,,,,,,,,,,,,,,,,,,,,,,,,,,,,,,,,,,,,,,,,,,,
9999102,協定45h 次郎,13D99999,一般,2026-01-11,日,法定外,,,,,,,,,,,,,,,,,,,,,,,,,,,,,,,,,,,,,,,,,,,,,,,,,,,,,,
9999102,協定45h 次郎,13D99999,一般,2026-01-12,月,法定外,,,,,,,,,,,,,,,,,,,,,,,,,,,,,,,,,,,,,,,,,,,,,,,,,,,,,,
9999102,協定45h 次郎,13D99999,一般,2026-01-13,火,平日,,,,,,,,,,,,,,,,,,,,,,,,,,,,,,,,,,,,,,,,,,,,,,,,,,,,,,
9999102,協定45h 次郎,13D99999,一般,2026-01-14,水,平日,,,,,,,,,,,,,,,,,,,,,,,,,,,,,,,,,,,,,,,,,,,,,,,,,,,,,,
9999102,協定45h 次郎,13D99999,一般,2026-01-15,木,平日,,,,,,,,,,,,,,,,,,,,,,,,,,,,,,,,,,,,,,,,,,,,,,,,,,,,,,
9999102,協定45h 次郎,13D99999,一般,2026-01-16,金,平日,,,,,,,,,,,,,,,,,,,,,,,,,,,,,,,,,,,,,,,,,,,,,,,,,,,,,,
9999102,協定45h 次郎,13D99999,一般,2026-01-17,土,法定外,,,,,,,,,,,,,,,,,,,,,,,,,,,,,,,,,,,,,,,,,,,,,,,,,,,,,,
9999102,協定45h 次郎,13D99999,一般,2026-01-18,日,法定外,,,,,,,,,,,,,,,,,,,,,,,,,,,,,,,,,,,,,,,,,,,,,,,,,,,,,,
9999102,協定45h 次郎,13D99999,一般,2026-01-19,月,平日,,,,,,,,,,,,,,,,,,,,,,,,,,,,,,,,,,,,,,,,,,,,,,,,,,,,,,
9999102,協定45h 次郎,13D99999,一般,2026-01-20,火,平日,,,,,,,,,,,,,,,,,,,,,,,,,,,,,,,,,,,,,,,,,,,,,,,,,,,,,,
9999102,協定45h 次郎,13D99999,一般,2026-01-21,水,平日,,,,,,,,,,,,,,,,,,,,,,,,,,,,,,,,,,,,,,,,,,,,,,,,,,,,,,
9999102,協定45h 次郎,13D99999,一般,2026-01-22,木,平日,,,,,,,,,,,,,,,,,,,,,,,,,,,,,,,,,,,,,,,,,,,,,,,,,,,,,,
9999102,協定45h 次郎,13D99999,一般,2026-01-23,金,平日,,,,,,,,,,,,,,,,,,,,,,,,,,,,,,,,,,,,,,,,,,,,,,,,,,,,,,
9999102,協定45h 次郎,13D99999,一般,2026-01-24,土,法定外,,,,,,,,,,,,,,,,,,,,,,,,,,,,,,,,,,,,,,,,,,,,,,,,,,,,,,
9999102,協定45h 次郎,13D99999,一般,2026-01-25,日,法定外,,,,,,,,,,,,,,,,,,,,,,,,,,,,,,,,,,,,,,,,,,,,,,,,,,,,,,
9999102,協定45h 次郎,13D99999,一般,2026-01-26,月,平日,,,,,,,,,,,,,,,,,,,,,,,,,,,,,,,,,,,,,,,,,,,,,,,,,,,,,,
9999102,協定45h 次郎,13D99999,一般,2026-01-27,火,平日,,,,,,,,,,,,,,,,,,,,,,,,,,,,,,,,,,,,,,,,,,,,,,,,,,,,,,
9999102,協定45h 次郎,13D99999,一般,2026-01-28,水,平日,,,,,,,,,,,,,,,,,,,,,,,,,,,,,,,,,,,,,,,,,,,,,,,,,,,,,,
9999102,協定45h 次郎,13D99999,一般,2026-01-29,木,平日,,,,,,,,,,,,,,,,,,,,,,,,,,,,,,,,,,,,,,,,,,,,,,,,,,,,,,
9999102,協定45h 次郎,13D99999,一般,2026-01-30,金,平日,,,,,,,,,,,,,,,,,,,,,,,,,,,,,,,,,,,,,,,,,,,,,,,,,,,,,,
9999102,協定45h 次郎,13D99999,一般,2026-01-31,土,法定外,,,,,,,,,,,,,,,,,,,,,,,,,,,,,,,,,,,,,,,,,,,,,,,,,,,,,,
9999103,協定55h 三郎,13D99999,一般,2026-01-01,木,法定外,,,,,,,,,,,,,,,,,,,,,,,,,,,,,,,,,,,,,,,,,,,,,,,,,,,,,,
9999103,協定55h 三郎,13D99999,一般,2026-01-02,金,法定外,,,,,,,,,,,,,,,,,,,,,,,,,,,,,,,,,,,,,,,,,,,,,,,,,,,,,,
9999103,協定55h 三郎,13D99999,一般,2026-01-03,土,法定外,,,,,,,,,,,,,,,,,,,,,,,,,,,,,,,,,,,,,,,,,,,,,,,,,,,,,,
9999103,協定55h 三郎,13D99999,一般,2026-01-04,日,法定外,,,,,,,,,,,,,,,,,,,,,,,,,,,,,,,,,,,,,,,,,,,,,,,,,,,,,,
9999103,協定55h 三郎,13D99999,一般,2026-01-05,月,平日,"残業終了,900-1730/1200-1300/7.75/5",2026-01-05 09:00,,2026-01-05 23:59,2026-01-05 09:00,2026-01-05 23:59,,,,,,,,,,,,,,,,,,,,,,,,1:00,,,18:42,18:42,,7:30,,11:12,,,,,,,,,,,,,,11:12,,36協定テスト: 目標56h
9999103,協定55h 三郎,13D99999,一般,2026-01-06,火,平日,"残業終了,900-1730/1200-1300/7.75/5",2026-01-06 09:00,,2026-01-06 23:59,2026-01-06 09:00,2026-01-06 23:59,,,,,,,,,,,,,,,,,,,,,,,,1:00,,,18:42,18:42,,7:30,,11:12,,,,,,,,,,,,,,22:24,,36協定テスト: 目標56h
9999103,協定55h 三郎,13D99999,一般,2026-01-07,水,平日,"残業終了,900-1730/1200-1300/7.75/5",2026-01-07 09:00,,2026-01-07 23:59,2026-01-07 09:00,2026-01-07 23:59,,,,,,,,,,,,,,,,,,,,,,,,1:00,,,18:42,18:42,,7:30,,11:12,,,,,,,,,,,,,,33:36,,36協定テスト: 目標56h
9999103,協定55h 三郎,13D99999,一般,2026-01-08,木,平日,"残業終了,900-1730/1200-1300/7.75/5",2026-01-08 09:00,,2026-01-08 23:59,2026-01-08 09:00,2026-01-08 23:59,,,,,,,,,,,,,,,,,,,,,,,,1:00,,,18:42,18:42,,7:30,,11:12,,,,,,,,,,,,,,44:48,,36協定テスト: 目標56h
9999103,協定55h 三郎,13D99999,一般,2026-01-09,金,平日,"残業終了,900-1730/1200-1300/7.75/5",2026-01-09 09:00,,2026-01-09 23:59,2026-01-09 09:00,2026-01-09 23:59,,,,,,,,,,,,,,,,,,,,,,,,1:00,,,18:42,18:42,,7:30,,11:12,,,,,,,,,,,,,,56:00,,36協定テスト: 目標56h
9999103,協定55h 三郎,13D99999,一般,2026-01-10,土,法定外,,,,,,,,,,,,,,,,,,,,,,,,,,,,,,,,,,,,,,,,,,,,,,,,,,,,,,
9999103,協定55h 三郎,13D99999,一般,2026-01-11,日,法定外,,,,,,,,,,,,,,,,,,,,,,,,,,,,,,,,,,,,,,,,,,,,,,,,,,,,,,
9999103,協定55h 三郎,13D99999,一般,2026-01-12,月,法定外,,,,,,,,,,,,,,,,,,,,,,,,,,,,,,,,,,,,,,,,,,,,,,,,,,,,,,
9999103,協定55h 三郎,13D99999,一般,2026-01-13,火,平日,,,,,,,,,,,,,,,,,,,,,,,,,,,,,,,,,,,,,,,,,,,,,,,,,,,,,,
9999103,協定55h 三郎,13D99999,一般,2026-01-14,水,平日,,,,,,,,,,,,,,,,,,,,,,,,,,,,,,,,,,,,,,,,,,,,,,,,,,,,,,
9999103,協定55h 三郎,13D99999,一般,2026-01-15,木,平日,,,,,,,,,,,,,,,,,,,,,,,,,,,,,,,,,,,,,,,,,,,,,,,,,,,,,,
9999103,協定55h 三郎,13D99999,一般,2026-01-16,金,平日,,,,,,,,,,,,,,,,,,,,,,,,,,,,,,,,,,,,,,,,,,,,,,,,,,,,,,
9999103,協定55h 三郎,13D99999,一般,2026-01-17,土,法定外,,,,,,,,,,,,,,,,,,,,,,,,,,,,,,,,,,,,,,,,,,,,,,,,,,,,,,
9999103,協定55h 三郎,13D99999,一般,2026-01-18,日,法定外,,,,,,,,,,,,,,,,,,,,,,,,,,,,,,,,,,,,,,,,,,,,,,,,,,,,,,
9999103,協定55h 三郎,13D99999,一般,2026-01-19,月,平日,,,,,,,,,,,,,,,,,,,,,,,,,,,,,,,,,,,,,,,,,,,,,,,,,,,,,,
9999103,協定55h 三郎,13D99999,一般,2026-01-20,火,平日,,,,,,,,,,,,,,,,,,,,,,,,,,,,,,,,,,,,,,,,,,,,,,,,,,,,,,
9999103,協定55h 三郎,13D99999,一般,2026-01-21,水,平日,,,,,,,,,,,,,,,,,,,,,,,,,,,,,,,,,,,,,,,,,,,,,,,,,,,,,,
9999103,協定55h 三郎,13D99999,一般,2026-01-22,木,平日,,,,,,,,,,,,,,,,,,,,,,,,,,,,,,,,,,,,,,,,,,,,,,,,,,,,,,
9999103,協定55h 三郎,13D99999,一般,2026-01-23,金,平日,,,,,,,,,,,,,,,,,,,,,,,,,,,,,,,,,,,,,,,,,,,,,,,,,,,,,,
9999103,協定55h 三郎,13D99999,一般,2026-01-24,土,法定外,,,,,,,,,,,,,,,,,,,,,,,,,,,,,,,,,,,,,,,,,,,,,,,,,,,,,,
9999103,協定55h 三郎,13D99999,一般,2026-01-25,日,法定外,,,,,,,,,,,,,,,,,,,,,,,,,,,,,,,,,,,,,,,,,,,,,,,,,,,,,,
9999103,協定55h 三郎,13D99999,一般,2026-01-26,月,平日,,,,,,,,,,,,,,,,,,,,,,,,,,,,,,,,,,,,,,,,,,,,,,,,,,,,,,
9999103,協定55h 三郎,13D99999,一般,2026-01-27,火,平日,,,,,,,,,,,,,,,,,,,,,,,,,,,,,,,,,,,,,,,,,,,,,,,,,,,,,,
9999103,協定55h 三郎,13D99999,一般,2026-01-28,水,平日,,,,,,,,,,,,,,,,,,,,,,,,,,,,,,,,,,,,,,,,,,,,,,,,,,,,,,
9999103,協定55h 三郎,13D99999,一般,2026-01-29,木,平日,,,,,,,,,,,,,,,,,,,,,,,,,,,,,,,,,,,,,,,,,,,,,,,,,,,,,,
9999103,協定55h 三郎,13D99999,一般,2026-01-30,金,平日,,,,,,,,,,,,,,,,,,,,,,,,,,,,,,,,,,,,,,,,,,,,,,,,,,,,,,
9999103,協定55h 三郎,13D99999,一般,2026-01-31,土,法定外,,,,,,,,,,,,,,,,,,,,,,,,,,,,,,,,,,,,,,,,,,,,,,,,,,,,,,
9999104,協定65h 四郎,13D99999,一般,2026-01-01,木,法定外,,,,,,,,,,,,,,,,,,,,,,,,,,,,,,,,,,,,,,,,,,,,,,,,,,,,,,
9999104,協定65h 四郎,13D99999,一般,2026-01-02,金,法定外,,,,,,,,,,,,,,,,,,,,,,,,,,,,,,,,,,,,,,,,,,,,,,,,,,,,,,
9999104,協定65h 四郎,13D99999,一般,2026-01-03,土,法定外,,,,,,,,,,,,,,,,,,,,,,,,,,,,,,,,,,,,,,,,,,,,,,,,,,,,,,
9999104,協定65h 四郎,13D99999,一般,2026-01-04,日,法定外,,,,,,,,,,,,,,,,,,,,,,,,,,,,,,,,,,,,,,,,,,,,,,,,,,,,,,
9999104,協定65h 四郎,13D99999,一般,2026-01-05,月,平日,"残業終了,900-1730/1200-1300/7.75/5",2026-01-05 09:00,,2026-01-05 23:59,2026-01-05 09:00,2026-01-05 23:59,,,,,,,,,,,,,,,,,,,,,,,,1:00,,,20:42,20:42,,7:30,,13:12,,,,,,,,,,,,,,13:12,,36協定テスト: 目標66h
9999104,協定65h 四郎,13D99999,一般,2026-01-06,火,平日,"残業終了,900-1730/1200-1300/7.75/5",2026-01-06 09:00,,2026-01-06 23:59,2026-01-06 09:00,2026-01-06 23:59,,,,,,,,,,,,,,,,,,,,,,,,1:00,,,20:42,20:42,,7:30,,13:12,,,,,,,,,,,,,,26:24,,36協定テスト: 目標66h
9999104,協定65h 四郎,13D99999,一般,2026-01-07,水,平日,"残業終了,900-1730/1200-1300/7.75/5",2026-01-07 09:00,,2026-01-07 23:59,2026-01-07 09:00,2026-01-07 23:59,,,,,,,,,,,,,,,,,,,,,,,,1:00,,,20:42,20:42,,7:30,,13:12,,,,,,,,,,,,,,39:36,,36協定テスト: 目標66h
9999104,協定65h 四郎,13D99999,一般,2026-01-08,木,平日,"残業終了,900-1730/1200-1300/7.75/5",2026-01-08 09:00,,2026-01-08 23:59,2026-01-08 09:00,2026-01-08 23:59,,,,,,,,,,,,,,,,,,,,,,,,1:00,,,20:42,20:42,,7:30,,13:12,,,,,,,,,,,,,,52:48,,36協定テスト: 目標66h
9999104,協定65h 四郎,13D99999,一般,2026-01-09,金,平日,"残業終了,900-1730/1200-1300/7.75/5",2026-01-09 09:00,,2026-01-09 23:59,2026-01-09 09:00,2026-01-09 23:59,,,,,,,,,,,,,,,,,,,,,,,,1:00,,,20:42,20:42,,7:30,,13:12,,,,,,,,,,,,,,66:00,,36協定テスト: 目標66h
9999104,協定65h 四郎,13D99999,一般,2026-01-10,土,法定外,,,,,,,,,,,,,,,,,,,,,,,,,,,,,,,,,,,,,,,,,,,,,,,,,,,,,,
9999104,協定65h 四郎,13D99999,一般,2026-01-11,日,法定外,,,,,,,,,,,,,,,,,,,,,,,,,,,,,,,,,,,,,,,,,,,,,,,,,,,,,,
9999104,協定65h 四郎,13D99999,一般,2026-01-12,月,法定外,,,,,,,,,,,,,,,,,,,,,,,,,,,,,,,,,,,,,,,,,,,,,,,,,,,,,,
9999104,協定65h 四郎,13D99999,一般,2026-01-13,火,平日,,,,,,,,,,,,,,,,,,,,,,,,,,,,,,,,,,,,,,,,,,,,,,,,,,,,,,
9999104,協定65h 四郎,13D99999,一般,2026-01-14,水,平日,,,,,,,,,,,,,,,,,,,,,,,,,,,,,,,,,,,,,,,,,,,,,,,,,,,,,,
9999104,協定65h 四郎,13D99999,一般,2026-01-15,木,平日,,,,,,,,,,,,,,,,,,,,,,,,,,,,,,,,,,,,,,,,,,,,,,,,,,,,,,
9999104,協定65h 四郎,13D99999,一般,2026-01-16,金,平日,,,,,,,,,,,,,,,,,,,,,,,,,,,,,,,,,,,,,,,,,,,,,,,,,,,,,,
9999104,協定65h 四郎,13D99999,一般,2026-01-17,土,法定外,,,,,,,,,,,,,,,,,,,,,,,,,,,,,,,,,,,,,,,,,,,,,,,,,,,,,,
9999104,協定65h 四郎,13D99999,一般,2026-01-18,日,法定外,,,,,,,,,,,,,,,,,,,,,,,,,,,,,,,,,,,,,,,,,,,,,,,,,,,,,,
9999104,協定65h 四郎,13D99999,一般,2026-01-19,月,平日,,,,,,,,,,,,,,,,,,,,,,,,,,,,,,,,,,,,,,,,,,,,,,,,,,,,,,
9999104,協定65h 四郎,13D99999,一般,2026-01-20,火,平日,,,,,,,,,,,,,,,,,,,,,,,,,,,,,,,,,,,,,,,,,,,,,,,,,,,,,,
9999104,協定65h 四郎,13D99999,一般,2026-01-21,水,平日,,,,,,,,,,,,,,,,,,,,,,,,,,,,,,,,,,,,,,,,,,,,,,,,,,,,,,
9999104,協定65h 四郎,13D99999,一般,2026-01-22,木,平日,,,,,,,,,,,,,,,,,,,,,,,,,,,,,,,,,,,,,,,,,,,,,,,,,,,,,,
9999104,協定65h 四郎,13D99999,一般,2026-01-23,金,平日,,,,,,,,,,,,,,,,,,,,,,,,,,,,,,,,,,,,,,,,,,,,,,,,,,,,,,
9999104,協定65h 四郎,13D99999,一般,2026-01-24,土,法定外,,,,,,,,,,,,,,,,,,,,,,,,,,,,,,,,,,,,,,,,,,,,,,,,,,,,,,
9999104,協定65h 四郎,13D99999,一般,2026-01-25,日,法定外,,,,,,,,,,,,,,,,,,,,,,,,,,,,,,,,,,,,,,,,,,,,,,,,,,,,,,
9999104,協定65h 四郎,13D99999,一般,2026-01-26,月,平日,,,,,,,,,,,,,,,,,,,,,,,,,,,,,,,,,,,,,,,,,,,,,,,,,,,,,,
9999104,協定65h 四郎,13D99999,一般,2026-01-27,火,平日,,,,,,,,,,,,,,,,,,,,,,,,,,,,,,,,,,,,,,,,,,,,,,,,,,,,,,
9999104,協定65h 四郎,13D99999,一般,2026-01-28,水,平日,,,,,,,,,,,,,,,,,,,,,,,,,,,,,,,,,,,,,,,,,,,,,,,,,,,,,,
9999104,協定65h 四郎,13D99999,一般,2026-01-29,木,平日,,,,,,,,,,,,,,,,,,,,,,,,,,,,,,,,,,,,,,,,,,,,,,,,,,,,,,
9999104,協定65h 四郎,13D99999,一般,2026-01-30,金,平日,,,,,,,,,,,,,,,,,,,,,,,,,,,,,,,,,,,,,,,,,,,,,,,,,,,,,,
9999104,協定65h 四郎,13D99999,一般,2026-01-31,土,法定外,,,,,,,,,,,,,,,,,,,,,,,,,,,,,,,,,,,,,,,,,,,,,,,,,,,,,,
9999105,協定70h 五郎,13D99999,一般,2026-01-01,木,法定外,,,,,,,,,,,,,,,,,,,,,,,,,,,,,,,,,,,,,,,,,,,,,,,,,,,,,,
9999105,協定70h 五郎,13D99999,一般,2026-01-02,金,法定外,,,,,,,,,,,,,,,,,,,,,,,,,,,,,,,,,,,,,,,,,,,,,,,,,,,,,,
9999105,協定70h 五郎,13D99999,一般,2026-01-03,土,法定外,,,,,,,,,,,,,,,,,,,,,,,,,,,,,,,,,,,,,,,,,,,,,,,,,,,,,,
9999105,協定70h 五郎,13D99999,一般,2026-01-04,日,法定外,,,,,,,,,,,,,,,,,,,,,,,,,,,,,,,,,,,,,,,,,,,,,,,,,,,,,,
9999105,協定70h 五郎,13D99999,一般,2026-01-05,月,平日,"残業終了,900-1730/1200-1300/7.75/5",2026-01-05 09:00,,2026-01-05 23:59,2026-01-05 09:00,2026-01-05 23:59,,,,,,,,,,,,,,,,,,,,,,,,1:00,,,21:42,21:42,,7:30,,14:12,,,,,,,,,,,,,,14:12,,36協定テスト: 目標71h
9999105,協定70h 五郎,13D99999,一般,2026-01-06,火,平日,"残業終了,900-1730/1200-1300/7.75/5",2026-01-06 09:00,,2026-01-06 23:59,2026-01-06 09:00,2026-01-06 23:59,,,,,,,,,,,,,,,,,,,,,,,,1:00,,,21:42,21:42,,7:30,,14:12,,,,,,,,,,,,,,28:24,,36協定テスト: 目標71h
9999105,協定70h 五郎,13D99999,一般,2026-01-07,水,平日,"残業終了,900-1730/1200-1300/7.75/5",2026-01-07 09:00,,2026-01-07 23:59,2026-01-07 09:00,2026-01-07 23:59,,,,,,,,,,,,,,,,,,,,,,,,1:00,,,21:42,21:42,,7:30,,14:12,,,,,,,,,,,,,,42:36,,36協定テスト: 目標71h
9999105,協定70h 五郎,13D99999,一般,2026-01-08,木,平日,"残業終了,900-1730/1200-1300/7.75/5",2026-01-08 09:00,,2026-01-08 23:59,2026-01-08 09:00,2026-01-08 23:59,,,,,,,,,,,,,,,,,,,,,,,,1:00,,,21:42,21:42,,7:30,,14:12,,,,,,,,,,,,,,56:48,,36協定テスト: 目標71h
9999105,協定70h 五郎,13D99999,一般,2026-01-09,金,平日,"残業終了,900-1730/1200-1300/7.75/5",2026-01-09 09:00,,2026-01-09 23:59,2026-01-09 09:00,2026-01-09 23:59,,,,,,,,,,,,,,,,,,,,,,,,1:00,,,21:42,21:42,,7:30,,14:12,,,,,,,,,,,,,,71:00,,36協定テスト: 目標71h
9999105,協定70h 五郎,13D99999,一般,2026-01-10,土,法定外,,,,,,,,,,,,,,,,,,,,,,,,,,,,,,,,,,,,,,,,,,,,,,,,,,,,,,
9999105,協定70h 五郎,13D99999,一般,2026-01-11,日,法定外,,,,,,,,,,,,,,,,,,,,,,,,,,,,,,,,,,,,,,,,,,,,,,,,,,,,,,
9999105,協定70h 五郎,13D99999,一般,2026-01-12,月,法定外,,,,,,,,,,,,,,,,,,,,,,,,,,,,,,,,,,,,,,,,,,,,,,,,,,,,,,
9999105,協定70h 五郎,13D99999,一般,2026-01-13,火,平日,,,,,,,,,,,,,,,,,,,,,,,,,,,,,,,,,,,,,,,,,,,,,,,,,,,,,,
9999105,協定70h 五郎,13D99999,一般,2026-01-14,水,平日,,,,,,,,,,,,,,,,,,,,,,,,,,,,,,,,,,,,,,,,,,,,,,,,,,,,,,
9999105,協定70h 五郎,13D99999,一般,2026-01-15,木,平日,,,,,,,,,,,,,,,,,,,,,,,,,,,,,,,,,,,,,,,,,,,,,,,,,,,,,,
9999105,協定70h 五郎,13D99999,一般,2026-01-16,金,平日,,,,,,,,,,,,,,,,,,,,,,,,,,,,,,,,,,,,,,,,,,,,,,,,,,,,,,
9999105,協定70h 五郎,13D99999,一般,2026-01-17,土,法定外,,,,,,,,,,,,,,,,,,,,,,,,,,,,,,,,,,,,,,,,,,,,,,,,,,,,,,
9999105,協定70h 五郎,13D99999,一般,2026-01-18,日,法定外,,,,,,,,,,,,,,,,,,,,,,,,,,,,,,,,,,,,,,,,,,,,,,,,,,,,,,
9999105,協定70h 五郎,13D99999,一般,2026-01-19,月,平日,,,,,,,,,,,,,,,,,,,,,,,,,,,,,,,,,,,,,,,,,,,,,,,,,,,,,,
9999105,協定70h 五郎,13D99999,一般,2026-01-20,火,平日,,,,,,,,,,,,,,,,,,,,,,,,,,,,,,,,,,,,,,,,,,,,,,,,,,,,,,
9999105,協定70h 五郎,13D99999,一般,2026-01-21,水,平日,,,,,,,,,,,,,,,,,,,,,,,,,,,,,,,,,,,,,,,,,,,,,,,,,,,,,,
9999105,協定70h 五郎,13D99999,一般,2026-01-22,木,平日,,,,,,,,,,,,,,,,,,,,,,,,,,,,,,,,,,,,,,,,,,,,,,,,,,,,,,
9999105,協定70h 五郎,13D99999,一般,2026-01-23,金,平日,,,,,,,,,,,,,,,,,,,,,,,,,,,,,,,,,,,,,,,,,,,,,,,,,,,,,,
9999105,協定70h 五郎,13D99999,一般,2026-01-24,土,法定外,,,,,,,,,,,,,,,,,,,,,,,,,,,,,,,,,,,,,,,,,,,,,,,,,,,,,,
9999105,協定70h 五郎,13D99999,一般,2026-01-25,日,法定外,,,,,,,,,,,,,,,,,,,,,,,,,,,,,,,,,,,,,,,,,,,,,,,,,,,,,,
9999105,協定70h 五郎,13D99999,一般,2026-01-26,月,平日,,,,,,,,,,,,,,,,,,,,,,,,,,,,,,,,,,,,,,,,,,,,,,,,,,,,,,
9999105,協定70h 五郎,13D99999,一般,2026-01-27,火,平日,,,,,,,,,,,,,,,,,,,,,,,,,,,,,,,,,,,,,,,,,,,,,,,,,,,,,,
9999105,協定70h 五郎,13D99999,一般,2026-01-28,水,平日,,,,,,,,,,,,,,,,,,,,,,,,,,,,,,,,,,,,,,,,,,,,,,,,,,,,,,
9999105,協定70h 五郎,13D99999,一般,2026-01-29,木,平日,,,,,,,,,,,,,,,,,,,,,,,,,,,,,,,,,,,,,,,,,,,,,,,,,,,,,,
9999105,協定70h 五郎,13D99999,一般,2026-01-30,金,平日,,,,,,,,,,,,,,,,,,,,,,,,,,,,,,,,,,,,,,,,,,,,,,,,,,,,,,
9999105,協定70h 五郎,13D99999,一般,2026-01-31,土,法定外,,,,,,,,,,,,,,,,,,,,,,,,,,,,,,,,,,,,,,,,,,,,,,,,,,,,,,
9999106,協定80h 六郎,13D99999,一般,2026-01-01,木,法定外,,,,,,,,,,,,,,,,,,,,,,,,,,,,,,,,,,,,,,,,,,,,,,,,,,,,,,
9999106,協定80h 六郎,13D99999,一般,2026-01-02,金,法定外,,,,,,,,,,,,,,,,,,,,,,,,,,,,,,,,,,,,,,,,,,,,,,,,,,,,,,
9999106,協定80h 六郎,13D99999,一般,2026-01-03,土,法定外,,,,,,,,,,,,,,,,,,,,,,,,,,,,,,,,,,,,,,,,,,,,,,,,,,,,,,
9999106,協定80h 六郎,13D99999,一般,2026-01-04,日,法定外,,,,,,,,,,,,,,,,,,,,,,,,,,,,,,,,,,,,,,,,,,,,,,,,,,,,,,
9999106,協定80h 六郎,13D99999,一般,2026-01-05,月,平日,"残業終了,900-1730/1200-1300/7.75/5",2026-01-05 09:00,,2026-01-05 23:59,2026-01-05 09:00,2026-01-05 23:59,,,,,,,,,,,,,,,,,,,,,,,,1:00,,,23:54,23:54,,7:30,,16:24,,,,,,,,,,,,,,16:24,,36協定テスト: 目標82h
9999106,協定80h 六郎,13D99999,一般,2026-01-06,火,平日,"残業終了,900-1730/1200-1300/7.75/5",2026-01-06 09:00,,2026-01-06 23:59,2026-01-06 09:00,2026-01-06 23:59,,,,,,,,,,,,,,,,,,,,,,,,1:00,,,23:54,23:54,,7:30,,16:24,,,,,,,,,,,,,,32:48,,36協定テスト: 目標82h
9999106,協定80h 六郎,13D99999,一般,2026-01-07,水,平日,"残業終了,900-1730/1200-1300/7.75/5",2026-01-07 09:00,,2026-01-07 23:59,2026-01-07 09:00,2026-01-07 23:59,,,,,,,,,,,,,,,,,,,,,,,,1:00,,,23:54,23:54,,7:30,,16:24,,,,,,,,,,,,,,49:12,,36協定テスト: 目標82h
9999106,協定80h 六郎,13D99999,一般,2026-01-08,木,平日,"残業終了,900-1730/1200-1300/7.75/5",2026-01-08 09:00,,2026-01-08 23:59,2026-01-08 09:00,2026-01-08 23:59,,,,,,,,,,,,,,,,,,,,,,,,1:00,,,23:54,23:54,,7:30,,16:24,,,,,,,,,,,,,,65:36,,36協定テスト: 目標82h
9999106,協定80h 六郎,13D99999,一般,2026-01-09,金,平日,"残業終了,900-1730/1200-1300/7.75/5",2026-01-09 09:00,,2026-01-09 23:59,2026-01-09 09:00,2026-01-09 23:59,,,,,,,,,,,,,,,,,,,,,,,,1:00,,,23:54,23:54,,7:30,,16:24,,,,,,,,,,,,,,82:00,,36協定テスト: 目標82h
9999106,協定80h 六郎,13D99999,一般,2026-01-10,土,法定外,,,,,,,,,,,,,,,,,,,,,,,,,,,,,,,,,,,,,,,,,,,,,,,,,,,,,,
9999106,協定80h 六郎,13D99999,一般,2026-01-11,日,法定外,,,,,,,,,,,,,,,,,,,,,,,,,,,,,,,,,,,,,,,,,,,,,,,,,,,,,,
9999106,協定80h 六郎,13D99999,一般,2026-01-12,月,法定外,,,,,,,,,,,,,,,,,,,,,,,,,,,,,,,,,,,,,,,,,,,,,,,,,,,,,,
9999106,協定80h 六郎,13D99999,一般,2026-01-13,火,平日,,,,,,,,,,,,,,,,,,,,,,,,,,,,,,,,,,,,,,,,,,,,,,,,,,,,,,
9999106,協定80h 六郎,13D99999,一般,2026-01-14,水,平日,,,,,,,,,,,,,,,,,,,,,,,,,,,,,,,,,,,,,,,,,,,,,,,,,,,,,,
9999106,協定80h 六郎,13D99999,一般,2026-01-15,木,平日,,,,,,,,,,,,,,,,,,,,,,,,,,,,,,,,,,,,,,,,,,,,,,,,,,,,,,
9999106,協定80h 六郎,13D99999,一般,2026-01-16,金,平日,,,,,,,,,,,,,,,,,,,,,,,,,,,,,,,,,,,,,,,,,,,,,,,,,,,,,,
9999106,協定80h 六郎,13D99999,一般,2026-01-17,土,法定外,,,,,,,,,,,,,,,,,,,,,,,,,,,,,,,,,,,,,,,,,,,,,,,,,,,,,,
9999106,協定80h 六郎,13D99999,一般,2026-01-18,日,法定外,,,,,,,,,,,,,,,,,,,,,,,,,,,,,,,,,,,,,,,,,,,,,,,,,,,,,,
9999106,協定80h 六郎,13D99999,一般,2026-01-19,月,平日,,,,,,,,,,,,,,,,,,,,,,,,,,,,,,,,,,,,,,,,,,,,,,,,,,,,,,
9999106,協定80h 六郎,13D99999,一般,2026-01-20,火,平日,,,,,,,,,,,,,,,,,,,,,,,,,,,,,,,,,,,,,,,,,,,,,,,,,,,,,,
9999106,協定80h 六郎,13D99999,一般,2026-01-21,水,平日,,,,,,,,,,,,,,,,,,,,,,,,,,,,,,,,,,,,,,,,,,,,,,,,,,,,,,
9999106,協定80h 六郎,13D99999,一般,2026-01-22,木,平日,,,,,,,,,,,,,,,,,,,,,,,,,,,,,,,,,,,,,,,,,,,,,,,,,,,,,,
9999106,協定80h 六郎,13D99999,一般,2026-01-23,金,平日,,,,,,,,,,,,,,,,,,,,,,,,,,,,,,,,,,,,,,,,,,,,,,,,,,,,,,
9999106,協定80h 六郎,13D99999,一般,2026-01-24,土,法定外,,,,,,,,,,,,,,,,,,,,,,,,,,,,,,,,,,,,,,,,,,,,,,,,,,,,,,
9999106,協定80h 六郎,13D99999,一般,2026-01-25,日,法定外,,,,,,,,,,,,,,,,,,,,,,,,,,,,,,,,,,,,,,,,,,,,,,,,,,,,,,
9999106,協定80h 六郎,13D99999,一般,2026-01-26,月,平日,,,,,,,,,,,,,,,,,,,,,,,,,,,,,,,,,,,,,,,,,,,,,,,,,,,,,,
9999106,協定80h 六郎,13D99999,一般,2026-01-27,火,平日,,,,,,,,,,,,,,,,,,,,,,,,,,,,,,,,,,,,,,,,,,,,,,,,,,,,,,
9999106,協定80h 六郎,13D99999,一般,2026-01-28,水,平日,,,,,,,,,,,,,,,,,,,,,,,,,,,,,,,,,,,,,,,,,,,,,,,,,,,,,,
9999106,協定80h 六郎,13D99999,一般,2026-01-29,木,平日,,,,,,,,,,,,,,,,,,,,,,,,,,,,,,,,,,,,,,,,,,,,,,,,,,,,,,
9999106,協定80h 六郎,13D99999,一般,2026-01-30,金,平日,,,,,,,,,,,,,,,,,,,,,,,,,,,,,,,,,,,,,,,,,,,,,,,,,,,,,,
9999106,協定80h 六郎,13D99999,一般,2026-01-31,土,法定外,,,,,,,,,,,,,,,,,,,,,,,,,,,,,,,,,,,,,,,,,,,,,,,,,,,,,,
9999107,協定100h 七郎,13D99999,一般,2026-01-01,木,法定外,,,,,,,,,,,,,,,,,,,,,,,,,,,,,,,,,,,,,,,,,,,,,,,,,,,,,,
9999107,協定100h 七郎,13D99999,一般,2026-01-02,金,法定外,,,,,,,,,,,,,,,,,,,,,,,,,,,,,,,,,,,,,,,,,,,,,,,,,,,,,,
9999107,協定100h 七郎,13D99999,一般,2026-01-03,土,法定外,,,,,,,,,,,,,,,,,,,,,,,,,,,,,,,,,,,,,,,,,,,,,,,,,,,,,,
9999107,協定100h 七郎,13D99999,一般,2026-01-04,日,法定外,,,,,,,,,,,,,,,,,,,,,,,,,,,,,,,,,,,,,,,,,,,,,,,,,,,,,,
9999107,協定100h 七郎,13D99999,一般,2026-01-05,月,平日,"残業終了,900-1730/1200-1300/7.75/5",2026-01-05 09:00,,2026-01-05 23:59,2026-01-05 09:00,2026-01-05 23:59,,,,,,,,,,,,,,,,,,,,,,,,1:00,,,27:54,27:54,,7:30,,20:24,,,,,,,,,,,,,,20:24,,36協定テスト: 目標102h
9999107,協定100h 七郎,13D99999,一般,2026-01-06,火,平日,"残業終了,900-1730/1200-1300/7.75/5",2026-01-06 09:00,,2026-01-06 23:59,2026-01-06 09:00,2026-01-06 23:59,,,,,,,,,,,,,,,,,,,,,,,,1:00,,,27:54,27:54,,7:30,,20:24,,,,,,,,,,,,,,40:48,,36協定テスト: 目標102h
9999107,協定100h 七郎,13D99999,一般,2026-01-07,水,平日,"残業終了,900-1730/1200-1300/7.75/5",2026-01-07 09:00,,2026-01-07 23:59,2026-01-07 09:00,2026-01-07 23:59,,,,,,,,,,,,,,,,,,,,,,,,1:00,,,27:54,27:54,,7:30,,20:24,,,,,,,,,,,,,,61:12,,36協定テスト: 目標102h
9999107,協定100h 七郎,13D99999,一般,2026-01-08,木,平日,"残業終了,900-1730/1200-1300/7.75/5",2026-01-08 09:00,,2026-01-08 23:59,2026-01-08 09:00,2026-01-08 23:59,,,,,,,,,,,,,,,,,,,,,,,,1:00,,,27:54,27:54,,7:30,,20:24,,,,,,,,,,,,,,81:36,,36協定テスト: 目標102h
9999107,協定100h 七郎,13D99999,一般,2026-01-09,金,平日,"残業終了,900-1730/1200-1300/7.75/5",2026-01-09 09:00,,2026-01-09 23:59,2026-01-09 09:00,2026-01-09 23:59,,,,,,,,,,,,,,,,,,,,,,,,1:00,,,27:54,27:54,,7:30,,20:24,,,,,,,,,,,,,,102:00,,36協定テスト: 目標102h
9999107,協定100h 七郎,13D99999,一般,2026-01-10,土,法定外,,,,,,,,,,,,,,,,,,,,,,,,,,,,,,,,,,,,,,,,,,,,,,,,,,,,,,
9999107,協定100h 七郎,13D99999,一般,2026-01-11,日,法定外,,,,,,,,,,,,,,,,,,,,,,,,,,,,,,,,,,,,,,,,,,,,,,,,,,,,,,
9999107,協定100h 七郎,13D99999,一般,2026-01-12,月,法定外,,,,,,,,,,,,,,,,,,,,,,,,,,,,,,,,,,,,,,,,,,,,,,,,,,,,,,
9999107,協定100h 七郎,13D99999,一般,2026-01-13,火,平日,,,,,,,,,,,,,,,,,,,,,,,,,,,,,,,,,,,,,,,,,,,,,,,,,,,,,,
9999107,協定100h 七郎,13D99999,一般,2026-01-14,水,平日,,,,,,,,,,,,,,,,,,,,,,,,,,,,,,,,,,,,,,,,,,,,,,,,,,,,,,
9999107,協定100h 七郎,13D99999,一般,2026-01-15,木,平日,,,,,,,,,,,,,,,,,,,,,,,,,,,,,,,,,,,,,,,,,,,,,,,,,,,,,,
9999107,協定100h 七郎,13D99999,一般,2026-01-16,金,平日,,,,,,,,,,,,,,,,,,,,,,,,,,,,,,,,,,,,,,,,,,,,,,,,,,,,,,
9999107,協定100h 七郎,13D99999,一般,2026-01-17,土,法定外,,,,,,,,,,,,,,,,,,,,,,,,,,,,,,,,,,,,,,,,,,,,,,,,,,,,,,
9999107,協定100h 七郎,13D99999,一般,2026-01-18,日,法定外,,,,,,,,,,,,,,,,,,,,,,,,,,,,,,,,,,,,,,,,,,,,,,,,,,,,,,
9999107,協定100h 七郎,13D99999,一般,2026-01-19,月,平日,,,,,,,,,,,,,,,,,,,,,,,,,,,,,,,,,,,,,,,,,,,,,,,,,,,,,,
9999107,協定100h 七郎,13D99999,一般,2026-01-20,火,平日,,,,,,,,,,,,,,,,,,,,,,,,,,,,,,,,,,,,,,,,,,,,,,,,,,,,,,
9999107,協定100h 七郎,13D99999,一般,2026-01-21,水,平日,,,,,,,,,,,,,,,,,,,,,,,,,,,,,,,,,,,,,,,,,,,,,,,,,,,,,,
9999107,協定100h 七郎,13D99999,一般,2026-01-22,木,平日,,,,,,,,,,,,,,,,,,,,,,,,,,,,,,,,,,,,,,,,,,,,,,,,,,,,,,
9999107,協定100h 七郎,13D99999,一般,2026-01-23,金,平日,,,,,,,,,,,,,,,,,,,,,,,,,,,,,,,,,,,,,,,,,,,,,,,,,,,,,,
9999107,協定100h 七郎,13D99999,一般,2026-01-24,土,法定外,,,,,,,,,,,,,,,,,,,,,,,,,,,,,,,,,,,,,,,,,,,,,,,,,,,,,,
9999107,協定100h 七郎,13D99999,一般,2026-01-25,日,法定外,,,,,,,,,,,,,,,,,,,,,,,,,,,,,,,,,,,,,,,,,,,,,,,,,,,,,,
9999107,協定100h 七郎,13D99999,一般,2026-01-26,月,平日,,,,,,,,,,,,,,,,,,,,,,,,,,,,,,,,,,,,,,,,,,,,,,,,,,,,,,
9999107,協定100h 七郎,13D99999,一般,2026-01-27,火,平日,,,,,,,,,,,,,,,,,,,,,,,,,,,,,,,,,,,,,,,,,,,,,,,,,,,,,,
9999107,協定100h 七郎,13D99999,一般,2026-01-28,水,平日,,,,,,,,,,,,,,,,,,,,,,,,,,,,,,,,,,,,,,,,,,,,,,,,,,,,,,
9999107,協定100h 七郎,13D99999,一般,2026-01-29,木,平日,,,,,,,,,,,,,,,,,,,,,,,,,,,,,,,,,,,,,,,,,,,,,,,,,,,,,,
9999107,協定100h 七郎,13D99999,一般,2026-01-30,金,平日,,,,,,,,,,,,,,,,,,,,,,,,,,,,,,,,,,,,,,,,,,,,,,,,,,,,,,
9999107,協定100h 七郎,13D99999,一般,2026-01-31,土,法定外,,,,,,,,,,,,,,,,,,,,,,,,,,,,,,,,,,,,,,,,,,,,,,,,,,,,,,
